rid,graph_1,graph_2,cat_1,cat_2,type_cstr_1,cstr_1,type_cstr_2,cstr_2,complexite,orientation
r79173,particularisme,partie,Nm,Nf,suf,Xularisme,NA,X,motiv-sem,des2as
r77776,conceptualisme,concept,Nm,Nm,suf,Xualisme,NA,X,motiv-sem,des2as
r78437,individualisme,individu,Nm,Nm,suf,Xualisme,NA,X,motiv-sem,des2as
r78469,intellectualisme,intelligence,Nm,Nf,suf,Xualisme,NA,X,motiv-sem,des2as
r79511,ritualisme,rite,Nm,Nm,suf,Xualisme,NA,X,motiv-sem,des2as
r79613,sensualisme,sens,Nm,Nm,suf,Xualisme,NA,X,motiv-sem,des2as
r79691,spiritualisme,esprit,Nm,Nm,suf,Xualisme,NA,X,motiv-sem,des2as
r79848,textualisme,texte,Nm,Nm,suf,Xualisme,NA,X,motiv-sem,des2as
r79187,patriotisme,patrie,Nm,Nm,suf,Xotisme,NA,X,motiv-sem,des2as
r77454,berrichonnisme,Berry,Nm,Npx,suf,Xonnisme,NA,X,motiv-sem,des2as
r77529,bourguignonisme,Bourgogne,Nm,Npx,suf,Xonisme,NA,X,motiv-sem,des2as
r77538,bretonisme,Bretagne,Nm,Npx,suf,Xonisme,NA,X,motiv-sem,des2as
r78007,espagnolisme,Espagne,Nm,Npx,suf,Xolisme,NA,X,motiv-sem,des2as
r77711,chinoisisme,Chine,Nm,Npx,suf,Xoisisme,NA,X,motiv-sem,des2as
r77977,déconstructivisme,déconstruire,Nm,V,suf,Xivisme,NA,X,motiv-sem,des2as
r79034,négativisme,nier,Nm,V,suf,Xivisme,NA,X,motiv-sem,des2as
r79544,réductivisme,réduire,Nm,V,suf,Xivisme,NA,X,motiv-sem,des2as
r80166,évolutivisme,évoluer,Nm,V,suf,Xivisme,NA,X,motiv-sem,des2as
r78886,moscovitisme,Moscou,Nm,Npx,suf,Xitisme,NA,X,motiv-sem,des2as
r77770,communitarisme,communauté,Nm,Nf,suf,Xitarisme,NA,X,motiv-sem,des2as
r43132,catabolisme,catabolite,Nm,Nm,suf,Xisme,suf,Xite,motiv-sem,indirect
r51146,iatromécanisme,iatromécanicien,Nm,Adj,suf,Xisme,suf,Xicien,motiv-sem,indirect
r57477,métabolisme,métabolite,Nm,Nm,suf,Xisme,suf,Xite,motiv-sem,indirect
r70384,anabolisme,anabolite,Nm,Nm,suf,Xisme,suf,Xite,motiv-sem,indirect
r74398,modernisme,postmoderniste,Nm,Adj,suf,Xisme,pre-suf,postXiste,motiv-sem,indirect
r74399,modernisme,postmoderniste,Nm,Nm,suf,Xisme,pre-suf,postXiste,motiv-sem,indirect
r74425,mondialisme,antimondialiste,Nm,Adj,suf,Xisme,pre-suf,antiXiste,motiv-sem,indirect
r74426,mondialisme,antimondialiste,Nm,Nm,suf,Xisme,pre-suf,antiXiste,motiv-sem,indirect
r75258,séisme,isoséiste,Nm,Adj,suf,Xisme,pre-suf,isoXiste,motiv-sem,indirect
r75259,séisme,isoséiste,Nm,Nm,suf,Xisme,pre-suf,isoXiste,motiv-sem,indirect
r75260,séisme,isosiste,Nm,Adj,suf,Xisme,pre-suf,isoXiste,motiv-sem,indirect
r75261,séisme,isosiste,Nm,Nm,suf,Xisme,pre-suf,isoXiste,motiv-sem,indirect
r75546,terrorisme,contre-terroriste,Nm,Nf,suf,Xisme,pre-suf,contreXiste,motiv-sem,indirect
r75547,terrorisme,contreterroriste,Nm,Adj,suf,Xisme,pre-suf,contreXiste,motiv-sem,indirect
r75548,terrorisme,contreterroriste,Nm,Nm,suf,Xisme,pre-suf,contreXiste,motiv-sem,indirect
r75549,terrorisme,antiterroriste,Nm,Adj,suf,Xisme,pre-suf,antiXiste,motiv-sem,indirect
r75550,terrorisme,antiterroriste,Nm,Nm,suf,Xisme,pre-suf,antiXiste,motiv-sem,indirect
r77244,apologisme,s'excuser,Nm,V,suf,Xisme,NA,X,motiv-sem,des2as
r77264,aranéisme,araignée,Nm,Nf,suf,Xisme,NA,X,motiv-sem,des2as
r77278,argyrisme,argent,Nm,Nm,suf,Xisme,NA,X,motiv-sem,des2as
r77321,atavisme,ancêtres,Nm,Nm,suf,Xisme,NA,X,motiv-sem,des2as
r77342,autisme,soi-même,Nm,Nm,suf,Xisme,NA,X,motiv-sem,des2as
r77419,battologisme,bredouiller,Nm,V,suf,Xisme,NA,X,motiv-sem,des2as
r77431,behaviorisme,comportement,Nm,Nm,suf,Xisme,NA,X,motiv-sem,des2as
r77432,behaviouralisme,comportement,Nm,Nm,suf,Xisme,NA,X,motiv-sem,des2as
r77433,behaviourisme,comportement,Nm,Nm,suf,Xisme,NA,X,motiv-sem,des2as
r77510,botulisme,boudin,Nm,Nm,suf,Xisme,NA,X,motiv-sem,des2as
r77541,bretonnisme,Bretagne,Nm,Npx,suf,Xisme,NA,X,motiv-sem,des2as
r77548,britannisme,Grande-Bretagne,Nm,Npx,suf,Xisme,NA,X,motiv-sem,des2as
r77568,burgondisme,Bourgogne,Nm,Npx,suf,Xisme,NA,X,motiv-sem,des2as
r77578,béhavioralisme,comportement,Nm,Nm,suf,Xisme,NA,X,motiv-sem,des2as
r77579,béhaviorisme,comportement,Nm,Nm,suf,Xisme,NA,X,motiv-sem,des2as
r77580,béhaviourisme,comportement,Nm,Nm,suf,Xisme,NA,X,motiv-sem,des2as
r77647,carolingisme,Charlemagne,Nm,Npx,suf,Xisme,NA,X,motiv-sem,des2as
r77650,cartésisme,Descartes,Nm,Npx,suf,Xisme,NA,X,motiv-sem,des2as
r77655,catabolisme,transformer,Nm,V,suf,Xisme,NA,X,motiv-sem,des2as
r77659,catalanisme,Catalogne,Nm,Npx,suf,Xisme,NA,X,motiv-sem,des2as
r77723,chromisme,couleur,Nm,Nf,suf,Xisme,NA,X,motiv-sem,des2as
r77746,cléricalisme,clergé,Nm,Nm,suf,Xisme,NA,X,motiv-sem,des2as
r77836,coturnisme,caille,Nm,Nf,suf,Xisme,NA,X,motiv-sem,des2as
r77870,cuprisme,cuivre,Nm,Nm,suf,Xisme,NA,X,motiv-sem,des2as
r77875,cynisme,chien,Nm,Adj,suf,Xisme,NA,X,motiv-sem,des2as
r77876,cynisme,chien,Nm,Nm,suf,Xisme,NA,X,motiv-sem,des2as
r77902,dextrisme,droite,Nm,Nf,suf,Xisme,NA,X,motiv-sem,des2as
r77933,divitisme,riche,Nm,Adj,suf,Xisme,NA,X,motiv-sem,des2as
r77934,divitisme,riche,Nm,Nm,suf,Xisme,NA,X,motiv-sem,des2as
r77945,domisme,maison,Nm,Nf,suf,Xisme,NA,X,motiv-sem,des2as
r77958,dualisme,deux,Nm,Num,suf,Xisme,NA,X,motiv-sem,des2as
r77962,dynamisme,force,Nm,Nf,suf,Xisme,NA,X,motiv-sem,des2as
r77980,déisme,Dieu,Nm,Npx,suf,Xisme,NA,X,motiv-sem,des2as
r77998,escapisme,échapper,Nm,V,suf,Xisme,NA,X,motiv-sem,des2as
r78048,fabisme,fève,Nm,Nf,suf,Xisme,NA,X,motiv-sem,des2as
r78051,fagopyrisme,sarrasin,Nm,Nm,suf,Xisme,NA,X,motiv-sem,des2as
r78061,fascisme,faisceau,Nm,Nm,suf,Xisme,NA,X,motiv-sem,des2as
r78062,fatalisme,destin,Nm,Nm,suf,Xisme,NA,X,motiv-sem,des2as
r78072,fidéisme,foi,Nm,Nf,suf,Xisme,NA,X,motiv-sem,des2as
r78084,flamandisme,Flandres,Nm,Npfp,suf,Xisme,NA,X,motiv-sem,des2as
r78088,flandrisme,flamand,Nm,Adj,suf,Xisme,NA,X,motiv-sem,des2as
r78089,flandrisme,flamand,Nm,Nm,suf,Xisme,NA,X,motiv-sem,des2as
r78092,flavisme,jaune,Nm,Adj,suf,Xisme,NA,X,motiv-sem,des2as
r78138,féminisme,femme,Nm,Nf,suf,Xisme,NA,X,motiv-sem,des2as
r78153,gallicisme,français,Nm,Adj,suf,Xisme,NA,X,motiv-sem,des2as
r78154,gallicisme,français,Nm,Nm,suf,Xisme,NA,X,motiv-sem,des2as
r78155,galléguisme,Galice,Nm,Npx,suf,Xisme,NA,X,motiv-sem,des2as
r78183,germanisme,Allemagne,Nm,Npx,suf,Xisme,NA,X,motiv-sem,des2as
r78184,germanisme,allemand,Nm,Adj,suf,Xisme,NA,X,motiv-sem,des2as
r78185,germanisme,allemand,Nm,Nm,suf,Xisme,NA,X,motiv-sem,des2as
r78187,gestaltisme,forme,Nm,Nf,suf,Xisme,NA,X,motiv-sem,des2as
r78192,gigantisme,géant,Nm,Adj,suf,Xisme,NA,X,motiv-sem,des2as
r78193,gigantisme,géant,Nm,Nm,suf,Xisme,NA,X,motiv-sem,des2as
r78197,githagisme,nielle,Nm,Nf,suf,Xisme,NA,X,motiv-sem,des2as
r78215,gravidisme,enceinte,Nm,Nf,suf,Xisme,NA,X,motiv-sem,des2as
r78238,générativisme,grammaire générative,Nm,Nf,suf,Xisme,NA,X,motiv-sem,des2as
r78246,gérontisme,vieux,Nm,Adj,suf,Xisme,NA,X,motiv-sem,des2as
r78247,gérontisme,vieux,Nm,Nm,suf,Xisme,NA,X,motiv-sem,des2as
r78260,hellénisme,grec,Nm,Adj,suf,Xisme,NA,X,motiv-sem,des2as
r78261,hellénisme,grec,Nm,Nm,suf,Xisme,NA,X,motiv-sem,des2as
r78262,hellénisme,Grèce,Nm,Npx,suf,Xisme,NA,X,motiv-sem,des2as
r78265,helvétisme,suisse,Nm,Adj,suf,Xisme,NA,X,motiv-sem,des2as
r78266,helvétisme,suisse,Nm,Nm,suf,Xisme,NA,X,motiv-sem,des2as
r78276,hippisme,cheval,Nm,Nm,suf,Xisme,NA,X,motiv-sem,des2as
r78278,hispanisme,Espagne,Nm,Npx,suf,Xisme,NA,X,motiv-sem,des2as
r78289,holisme,tout,Nm,Nm,suf,Xisme,NA,X,motiv-sem,des2as
r78311,humanisme,homme,Nm,Nm,suf,Xisme,NA,X,motiv-sem,des2as
r78329,hydatisme,eau,Nm,Nf,suf,Xisme,NA,X,motiv-sem,des2as
r78330,hydrargyrisme,mercure,Nm,Nm,suf,Xisme,NA,X,motiv-sem,des2as
r78368,hédonisme,plaisir,Nm,Nm,suf,Xisme,NA,X,motiv-sem,des2as
r78375,hépatisme,foie,Nm,Nm,suf,Xisme,NA,X,motiv-sem,des2as
r78379,héraldisme,blason,Nm,Nm,suf,Xisme,NA,X,motiv-sem,des2as
r78389,ichtyosisme,poisson,Nm,Nm,suf,Xisme,NA,X,motiv-sem,des2as
r78402,illuminisme,éclairer,Nm,V,suf,Xisme,NA,X,motiv-sem,des2as
r78430,indian-océanisme,Océan Indien,Nm,Npx,suf,Xisme,NA,X,motiv-sem,des2as
r78538,ivoirisme,Côte d'Ivoire,Nm,Npx,suf,Xisme,NA,X,motiv-sem,des2as
r78568,judaïsme,juif,Nm,Adj,suf,Xisme,NA,X,motiv-sem,des2as
r78569,judaïsme,juif,Nm,Nm,suf,Xisme,NA,X,motiv-sem,des2as
r78574,juridisme,droit,Nm,Nm,suf,Xisme,NA,X,motiv-sem,des2as
r78599,khobisme,pain,Nm,Nm,suf,Xisme,NA,X,motiv-sem,des2as
r78623,laudisme,hommage,Nm,Nm,suf,Xisme,NA,X,motiv-sem,des2as
r78624,laxisme,relâcher,Nm,V,suf,Xisme,NA,X,motiv-sem,des2as
r78631,leucisme,blanc,Nm,Adj,suf,Xisme,NA,X,motiv-sem,des2as
r78632,leucisme,blanc,Nm,Nm,suf,Xisme,NA,X,motiv-sem,des2as
r78646,littérisme,lettre,Nm,Nf,suf,Xisme,NA,X,motiv-sem,des2as
r78659,londonisme,Londres,Nm,Npx,suf,Xisme,NA,X,motiv-sem,des2as
r78661,lotharingisme,lorrain,Nm,Adj,suf,Xisme,NA,X,motiv-sem,des2as
r78662,lotharingisme,lorrain,Nm,Nm,suf,Xisme,NA,X,motiv-sem,des2as
r78663,lotharingisme,Lorraine,Nm,Npx,suf,Xisme,NA,X,motiv-sem,des2as
r78665,lucanisme,cerf-volant,Nm,Nm,suf,Xisme,NA,X,motiv-sem,des2as
r78669,ludisme,jeu,Nm,Nm,suf,Xisme,NA,X,motiv-sem,des2as
r78671,luminisme,lumière,Nm,Nf,suf,Xisme,NA,X,motiv-sem,des2as
r78674,lusisme,portugais,Nm,Adj,suf,Xisme,NA,X,motiv-sem,des2as
r78675,lusisme,portugais,Nm,Nm,suf,Xisme,NA,X,motiv-sem,des2as
r78687,luétisme,syphilis,Nm,Nf,suf,Xisme,NA,X,motiv-sem,des2as
r78718,madrilénisme,Madrid,Nm,Npx,suf,Xisme,NA,X,motiv-sem,des2as
r78733,magyarisme,Hongrie,Nm,Npx,suf,Xisme,NA,X,motiv-sem,des2as
r78775,masculisme,homme,Nm,Nm,suf,Xisme,NA,X,motiv-sem,des2as
r78782,mauvisme,mauvais,Nm,Adj,suf,Xisme,NA,X,motiv-sem,des2as
r78813,mimétisme,imiter,Nm,V,suf,Xisme,NA,X,motiv-sem,des2as
r78839,monachisme,moine,Nm,Nm,suf,Xisme,NA,X,motiv-sem,des2as
r78846,monisme,un,Nm,Num,suf,Xisme,NA,X,motiv-sem,des2as
r78882,morphisme,forme,Nm,Nf,suf,Xisme,NA,X,motiv-sem,des2as
r78918,médiévisme,Moyen Âge,Nm,Npx,suf,Xisme,NA,X,motiv-sem,des2as
r78922,mélanisme,noir,Nm,Adj,suf,Xisme,NA,X,motiv-sem,des2as
r78923,mélanisme,noir,Nm,Nm,suf,Xisme,NA,X,motiv-sem,des2as
r78924,méliorisme,meilleur,Nm,Adj,suf,Xisme,NA,X,motiv-sem,des2as
r78961,nautisme,naviguer,Nm,V,suf,Xisme,NA,X,motiv-sem,des2as
r78990,nihilisme,rien,Nm,Adv,suf,Xisme,NA,X,motiv-sem,des2as
r79033,négatisme,nier,Nm,V,suf,Xisme,NA,X,motiv-sem,des2as
r79038,néo-calédonisme,Nouvelle-Calédonie,Nm,Npx,suf,Xisme,NA,X,motiv-sem,des2as
r79045,népotisme,neveu,Nm,Nm,suf,Xisme,NA,X,motiv-sem,des2as
r79074,onirisme,rêve,Nm,Nm,suf,Xisme,NA,X,motiv-sem,des2as
r79077,ophidisme,serpent,Nm,Nm,suf,Xisme,NA,X,motiv-sem,des2as
r79107,pacifisme,paix,Nm,Nf,suf,Xisme,NA,X,motiv-sem,des2as
r79108,paganisme,païen,Nm,Adj,suf,Xisme,NA,X,motiv-sem,des2as
r79109,paganisme,païen,Nm,Nm,suf,Xisme,NA,X,motiv-sem,des2as
r79119,paludisme,marais,Nm,Nm,suf,Xisme,NA,X,motiv-sem,des2as
r79172,particularisme,particulier,Nm,Adj,suf,Xisme,NA,X,motiv-sem,des2as
r79190,paupérisme,pauvre,Nm,Adj,suf,Xisme,NA,X,motiv-sem,des2as
r79207,pessimisme,mal,Nm,Nm,suf,Xisme,NA,X,motiv-sem,des2as
r79208,phagédénisme,ulcère,Nm,Nm,suf,Xisme,NA,X,motiv-sem,des2as
r79225,phonisme,son,Nm,Nm,suf,Xisme,NA,X,motiv-sem,des2as
r79228,photisme,lumière,Nm,Nf,suf,Xisme,NA,X,motiv-sem,des2as
r79255,picturisme,peinture,Nm,Nf,suf,Xisme,NA,X,motiv-sem,des2as
r79258,pilosisme,poilu,Nm,Adj,suf,Xisme,NA,X,motiv-sem,des2as
r79259,pilosisme,poilu,Nm,Nm,suf,Xisme,NA,X,motiv-sem,des2as
r79280,pluralisme,plusieurs,Nm,Adj,suf,Xisme,NA,X,motiv-sem,des2as
r79289,pneumatisme,air,Nm,Nm,suf,Xisme,NA,X,motiv-sem,des2as
r79335,populisme,peuple,Nm,Nm,suf,Xisme,NA,X,motiv-sem,des2as
r79336,porisme,déduire,Nm,V,suf,Xisme,NA,X,motiv-sem,des2as
r79344,pragmatisme,action,Nm,Nf,suf,Xisme,NA,X,motiv-sem,des2as
r79408,psittacisme,perroquet,Nm,Nm,suf,Xisme,NA,X,motiv-sem,des2as
r79412,ptyalisme,salive,Nm,Nf,suf,Xisme,NA,X,motiv-sem,des2as
r79485,rationalisme,raison,Nm,Nf,suf,Xisme,NA,X,motiv-sem,des2as
r79490,rectilisme,rectiligne,Nm,Adj,suf,Xisme,NA,X,motiv-sem,des2as
r79501,revivalisme,réveil,Nm,Nm,suf,Xisme,NA,X,motiv-sem,des2as
r79503,ribbonisme,ruban,Nm,Nm,suf,Xisme,NA,X,motiv-sem,des2as
r79523,rosicrucisme,Rose-Croix,Nm,Npx,suf,Xisme,NA,X,motiv-sem,des2as
r79538,rutilisme,roux,Nm,Adj,suf,Xisme,NA,X,motiv-sem,des2as
r79539,rutilisme,roux,Nm,Nm,suf,Xisme,NA,X,motiv-sem,des2as
r79546,régalisme,roi,Nm,Nm,suf,Xisme,NA,X,motiv-sem,des2as
r79562,sabaudisme,Savoie,Nm,Npx,suf,Xisme,NA,X,motiv-sem,des2as
r79582,saturnisme,plomb,Nm,Nm,suf,Xisme,NA,X,motiv-sem,des2as
r79629,sialisme,salive,Nm,Nf,suf,Xisme,NA,X,motiv-sem,des2as
r79641,sinisme,Chine,Nm,Npx,suf,Xisme,NA,X,motiv-sem,des2as
r79643,sionisme,Jérusalem,Nm,Npx,suf,Xisme,NA,X,motiv-sem,des2as
r79666,solipsisme,soi-même,Nm,Nm,suf,Xisme,NA,X,motiv-sem,des2as
r79696,spécisme,espèce,Nm,Nf,suf,Xisme,NA,X,motiv-sem,des2as
r79704,stercoranisme,excréments,Nm,Nm,suf,Xisme,NA,X,motiv-sem,des2as
r79711,strabisme,loucher,Nm,V,suf,Xisme,NA,X,motiv-sem,des2as
r79730,sulfocarbonisme,sulfure de carbone,Nm,Nm,suf,Xisme,NA,X,motiv-sem,des2as
r79747,survivalisme,survie,Nm,Nf,suf,Xisme,NA,X,motiv-sem,des2as
r79779,sécularisme,séculier,Nm,Adj,suf,Xisme,NA,X,motiv-sem,des2as
r79789,séisme,trembler,Nm,V,suf,Xisme,NA,X,motiv-sem,des2as
r79792,sémantisme,sens,Nm,Nm,suf,Xisme,NA,X,motiv-sem,des2as
r79793,sématisme,sens,Nm,Nm,suf,Xisme,NA,X,motiv-sem,des2as
r79796,sémitisme,juif,Nm,Adj,suf,Xisme,NA,X,motiv-sem,des2as
r79797,sémitisme,juif,Nm,Nm,suf,Xisme,NA,X,motiv-sem,des2as
r79835,tellurisme,terre,Nm,Nf,suf,Xisme,NA,X,motiv-sem,des2as
r79836,tennoïsme,empereur,Nm,Nm,suf,Xisme,NA,X,motiv-sem,des2as
r79847,texanisme,Texas,Nm,Npx,suf,Xisme,NA,X,motiv-sem,des2as
r79853,thébaïsme,opium,Nm,Nm,suf,Xisme,NA,X,motiv-sem,des2as
r79854,théisme,Dieu,Nm,Nm,suf,Xisme,NA,X,motiv-sem,des2as
r79856,thélotisme,mamelon,Nm,Nm,suf,Xisme,NA,X,motiv-sem,des2as
r79889,trachélisme,cou,Nm,Nm,suf,Xisme,NA,X,motiv-sem,des2as
r79905,trialisme,trois,Nm,Num,suf,Xisme,NA,X,motiv-sem,des2as
r79926,truisme,VRAI,Nm,Adj,suf,Xisme,NA,X,motiv-sem,des2as
r79943,tympanisme,tambour,Nm,Nm,suf,Xisme,NA,X,motiv-sem,des2as
r79945,tératisme,monstre,Nm,Nm,suf,Xisme,NA,X,motiv-sem,des2as
r80048,vérisme,VRAI,Nm,Adj,suf,Xisme,NA,X,motiv-sem,des2as
r80087,zoïsme,animal,Nm,Nm,suf,Xisme,NA,X,motiv-sem,des2as
r80092,zéisme,maïs,Nm,Nm,suf,Xisme,NA,X,motiv-sem,des2as
r80112,égotisme,moi,Nm,Nm,suf,Xisme,NA,X,motiv-sem,des2as
r80114,égoïsme,moi,Nm,Nm,suf,Xisme,NA,X,motiv-sem,des2as
r80129,éolisme,vent,Nm,Nm,suf,Xisme,NA,X,motiv-sem,des2as
r80138,épiscopalisme,évêque,Nm,Nm,suf,Xisme,NA,X,motiv-sem,des2as
r80150,érotisme,amour,Nm,Nm,suf,Xisme,NA,X,motiv-sem,des2as
r80151,érythrisme,rouge,Nm,Adj,suf,Xisme,NA,X,motiv-sem,des2as
r80169,œnilisme,vin,Nm,Nm,suf,Xisme,NA,X,motiv-sem,des2as
r80170,œnolisme,vin,Nm,Nm,suf,Xisme,NA,X,motiv-sem,des2as
r80195,actinisme,rayon,Nm,Nm,suf,Xisme,NA,X,motiv-sem,des2as
r80241,aleurisme,farine,Nm,Nf,suf,Xisme,NA,X,motiv-sem,des2as
r80293,anabolisme,transformer,Nm,V,suf,Xisme,NA,X,motiv-sem,des2as
r80297,anagogisme,conduire,Nm,V,suf,Xisme,NA,X,motiv-sem,des2as
r80351,réisme,chose,Nm,Nf,suf,Xisme,NA,X,motiv-sem,des2as
r80497,balbisme,bègue,Nm,Adj,suf,Xisme,NA,X,motiv-sem,des2as
r80557,cicérisme,pois chiche,Nm,Nm,suf,Xisme,NA,X,motiv-sem,des2as
r80583,cruciverbisme,mots croisés,Nm,Nm,suf,Xisme,NA,X,motiv-sem,des2as
r80584,cruscantisme,Accademia della Crusca,Nm,Npx,suf,Xisme,NA,X,motiv-sem,des2as
r80704,gravidisme,enceinte,Nm,Adj,suf,Xisme,NA,X,motiv-sem,des2as
r80763,johannisme,Jean,Nm,Npx,suf,Xisme,NA,X,motiv-sem,des2as
r80788,lathyrisme,gesse,Nm,Nf,suf,Xisme,NA,X,motiv-sem,des2as
r80844,vocalisme,voyelle,Nm,Nf,suf,Xisme,NA,X,motiv-sem,des2as
r80903,pancalisme,beau,Nm,Nm,suf,Xisme,NA,X,motiv-sem,des2as
r80995,romanisme,langues romanes,Nm,Nf,suf,Xisme,NA,X,motiv-sem,des2as
r80996,rotacisme,rô,Nm,Nm,suf,Xisme,NA,X,motiv-sem,des2as
r81106,tutiorisme,plus sûr,Nm,More,suf,Xisme,NA,X,motiv-sem,des2as
r77726,chypriotisme,Chypre,Nm,Npx,suf,Xiotisme,NA,X,motiv-sem,des2as
r77509,botulinisme,boudin,Nm,Nm,suf,Xinisme,NA,X,motiv-sem,des2as
r78726,maghrébinisme,Maghreb,Nm,Npx,suf,Xinisme,NA,X,motiv-sem,des2as
r78774,masculinisme,homme,Nm,Nm,suf,Xinisme,NA,X,motiv-sem,des2as
r79201,perruquinisme,perruque,Nm,Nf,suf,Xinisme,NA,X,motiv-sem,des2as
r79293,poitevinisme,Poitou,Nm,Npx,suf,Xinisme,NA,X,motiv-sem,des2as
r79441,périgordinisme,Périgord,Nm,Npx,suf,Xinisme,NA,X,motiv-sem,des2as
r79838,terminisme,terme,Nm,Nm,suf,Xinisme,NA,X,motiv-sem,des2as
r80120,éleusinisme,Eleusis,Nm,Npx,suf,Xinisme,NA,X,motiv-sem,des2as
r80262,alpinisme,Alpes,Nm,Npx,suf,Xinisme,NA,X,motiv-sem,des2as
r80308,andinisme,Andes,Nm,Npx,suf,Xinisme,NA,X,motiv-sem,des2as
r80920,paulinisme,Saint Paul,Nm,Npx,suf,Xinisme,NA,X,motiv-sem,des2as
r78764,marginalisme,marge,Nm,Nf,suf,Xinalisme,NA,X,motiv-sem,des2as
r79837,terminalisme,terme,Nm,Nm,suf,Xinalisme,NA,X,motiv-sem,des2as
r78797,mercantilisme,commerce,Nm,Nm,suf,Xilisme,NA,X,motiv-sem,des2as
r77627,canadiénisme,Canada,Nm,Npx,suf,Xiénisme,NA,X,motiv-sem,des2as
r78535,italiénisme,Italie,Nm,Npx,suf,Xiénisme,NA,X,motiv-sem,des2as
r79165,parisiénisme,Paris,Nm,Npx,suf,Xiénisme,NA,X,motiv-sem,des2as
r77254,arabicisme,arabe,Nm,Adj,suf,Xicisme,NA,X,motiv-sem,des2as
r77255,arabicisme,arabe,Nm,Nm,suf,Xicisme,NA,X,motiv-sem,des2as
r77407,barbaricisme,barbare,Nm,Adj,suf,Xicisme,NA,X,motiv-sem,des2as
r77408,barbaricisme,barbare,Nm,Nm,suf,Xicisme,NA,X,motiv-sem,des2as
r77415,basquicisme,basque,Nm,Adj,suf,Xicisme,NA,X,motiv-sem,des2as
r77416,basquicisme,basque,Nm,Nm,suf,Xicisme,NA,X,motiv-sem,des2as
r77437,belgicisme,belge,Nm,Adj,suf,Xicisme,NA,X,motiv-sem,des2as
r77438,belgicisme,belge,Nm,Nm,suf,Xicisme,NA,X,motiv-sem,des2as
r77439,belgicisme,Belgique,Nm,Npx,suf,Xicisme,NA,X,motiv-sem,des2as
r77442,bellicisme,guerre,Nm,Nf,suf,Xicisme,NA,X,motiv-sem,des2as
r77457,biblicisme,Bible,Nm,Npx,suf,Xicisme,NA,X,motiv-sem,des2as
r77549,briticisme,Grande-Bretagne,Nm,Npx,suf,Xicisme,NA,X,motiv-sem,des2as
r77557,bruxellicisme,Bruxelles,Nm,Npx,suf,Xicisme,NA,X,motiv-sem,des2as
r78015,esthéticisme,beauté,Nm,Nf,suf,Xicisme,NA,X,motiv-sem,des2as
r78085,flandricisme,flamand,Nm,Adj,suf,Xicisme,NA,X,motiv-sem,des2as
r78086,flandricisme,flamand,Nm,Nm,suf,Xicisme,NA,X,motiv-sem,des2as
r78087,flandricisme,Flandres,Nm,Npfp,suf,Xicisme,NA,X,motiv-sem,des2as
r78173,gastricisme,estomac,Nm,Nm,suf,Xicisme,NA,X,motiv-sem,des2as
r78180,germanicisme,allemand,Nm,Adj,suf,Xicisme,NA,X,motiv-sem,des2as
r78181,germanicisme,allemand,Nm,Nm,suf,Xicisme,NA,X,motiv-sem,des2as
r78263,helvéticisme,suisse,Nm,Adj,suf,Xicisme,NA,X,motiv-sem,des2as
r78264,helvéticisme,suisse,Nm,Nm,suf,Xicisme,NA,X,motiv-sem,des2as
r78279,historicisme,histoire,Nm,Nf,suf,Xicisme,NA,X,motiv-sem,des2as
r78523,italianicisme,italien,Nm,Adj,suf,Xicisme,NA,X,motiv-sem,des2as
r78524,italianicisme,italien,Nm,Nm,suf,Xicisme,NA,X,motiv-sem,des2as
r79006,nordicisme,Nord,Nm,Npx,suf,Xicisme,NA,X,motiv-sem,des2as
r79274,platonicisme,Platon,Nm,Npx,suf,Xicisme,NA,X,motiv-sem,des2as
r79343,pragmaticisme,action,Nm,Nf,suf,Xicisme,NA,X,motiv-sem,des2as
r79414,publicisme,publier,Nm,V,suf,Xicisme,NA,X,motiv-sem,des2as
r79429,pythagoricisme,Pythagore,Nm,Npx,suf,Xicisme,NA,X,motiv-sem,des2as
r79533,russicisme,russe,Nm,Adj,suf,Xicisme,NA,X,motiv-sem,des2as
r79534,russicisme,russe,Nm,Nm,suf,Xicisme,NA,X,motiv-sem,des2as
r79721,suissicisme,suisse,Nm,Adj,suf,Xicisme,NA,X,motiv-sem,des2as
r79722,suissicisme,suisse,Nm,Nm,suf,Xicisme,NA,X,motiv-sem,des2as
r79723,suissicisme,Suisse,Nm,Npx,suf,Xicisme,NA,X,motiv-sem,des2as
r80056,wallonicisme,wallon,Nm,Adj,suf,Xicisme,NA,X,motiv-sem,des2as
r80057,wallonicisme,wallon,Nm,Nm,suf,Xicisme,NA,X,motiv-sem,des2as
r80102,économicisme,économie,Nm,Nf,suf,Xicisme,NA,X,motiv-sem,des2as
r80284,américanicisme,américain,Nm,Adj,suf,Xicisme,NA,X,motiv-sem,des2as
r80285,américanicisme,américain,Nm,Nm,suf,Xicisme,NA,X,motiv-sem,des2as
r77434,belgicanisme,belge,Nm,Adj,suf,Xicanisme,NA,X,motiv-sem,des2as
r77435,belgicanisme,belge,Nm,Nm,suf,Xicanisme,NA,X,motiv-sem,des2as
r77201,antinomianisme,antinomie,Nm,Nf,suf,Xianisme,NA,X,motiv-sem,des2as
r77267,arcadianisme,Arcadie,Nm,Npx,suf,Xianisme,NA,X,motiv-sem,des2as
r77281,arianisme,Arius,Nm,Npx,suf,Xianisme,NA,X,motiv-sem,des2as
r77288,arminianisme,Arminius,Nm,Npx,suf,Xianisme,NA,X,motiv-sem,des2as
r77291,arménianisme,Arménie,Nm,Npx,suf,Xianisme,NA,X,motiv-sem,des2as
r77322,athanasianisme,Athanase,Nm,Npx,suf,Xianisme,NA,X,motiv-sem,des2as
r77335,augustinianisme,Augustin,Nm,Npx,suf,Xianisme,NA,X,motiv-sem,des2as
r77340,australianisme,Australie,Nm,Npx,suf,Xianisme,NA,X,motiv-sem,des2as
r77358,autrichianisme,Autriche,Nm,Npx,suf,Xianisme,NA,X,motiv-sem,des2as
r77389,baconianisme,Bacon,Nm,Npx,suf,Xianisme,NA,X,motiv-sem,des2as
r77420,baudelairianisme,Baudelaire,Nm,Npx,suf,Xianisme,NA,X,motiv-sem,des2as
r77427,bayesianisme,Bayes,Nm,Npx,suf,Xianisme,NA,X,motiv-sem,des2as
r77499,bolivianisme,Bolivie,Nm,Npx,suf,Xianisme,NA,X,motiv-sem,des2as
r77519,bourdieusianisme,Bourdieu,Nm,Npx,suf,Xianisme,NA,X,motiv-sem,des2as
r77593,bérullianisme,Bérulle,Nm,Npx,suf,Xianisme,NA,X,motiv-sem,des2as
r77608,calédonianisme,Nouvelle-Calédonie,Nm,Npx,suf,Xianisme,NA,X,motiv-sem,des2as
r77621,canadianisme,Canada,Nm,Npx,suf,Xianisme,NA,X,motiv-sem,des2as
r77649,cartésianisme,Descartes,Nm,Npx,suf,Xianisme,NA,X,motiv-sem,des2as
r77702,chilianisme,Chili,Nm,Npx,suf,Xianisme,NA,X,motiv-sem,des2as
r77720,christianisme,Christ,Nm,Npx,suf,Xianisme,NA,X,motiv-sem,des2as
r77731,cicéronianisme,Cicéron,Nm,Npx,suf,Xianisme,NA,X,motiv-sem,des2as
r77738,claudélianisme,Claudel,Nm,Npx,suf,Xianisme,NA,X,motiv-sem,des2as
r77740,clausewitzianisme,Clausewitz,Nm,Npx,suf,Xianisme,NA,X,motiv-sem,des2as
r77762,colombianisme,Colomb,Nm,Npx,suf,Xianisme,NA,X,motiv-sem,des2as
r77763,colombianisme,Colombie,Nm,Npx,suf,Xianisme,NA,X,motiv-sem,des2as
r77781,confucianisme,Confucius,Nm,Npx,suf,Xianisme,NA,X,motiv-sem,des2as
r77820,copernicianisme,Copernic,Nm,Npx,suf,Xianisme,NA,X,motiv-sem,des2as
r77893,deleuzianisme,Deleuze,Nm,Npx,suf,Xianisme,NA,X,motiv-sem,des2as
r77897,derridianisme,Derrida,Nm,Npx,suf,Xianisme,NA,X,motiv-sem,des2as
r77926,discordianisme,discorde,Nm,Nf,suf,Xianisme,NA,X,motiv-sem,des2as
r78028,eurasianisme,Eurasie,Nm,Npx,suf,Xianisme,NA,X,motiv-sem,des2as
r78035,eutychianisme,Eutychès,Nm,Npx,suf,Xianisme,NA,X,motiv-sem,des2as
r78119,freudianisme,Freud,Nm,Npx,suf,Xianisme,NA,X,motiv-sem,des2as
r78128,frégianisme,Frege,Nm,Npx,suf,Xianisme,NA,X,motiv-sem,des2as
r78148,galicianisme,Galice,Nm,Npx,suf,Xianisme,NA,X,motiv-sem,des2as
r78257,haïtianisme,Haïti,Nm,Npx,suf,Xianisme,NA,X,motiv-sem,des2as
r78258,heideggerianisme,Heidegger,Nm,Npx,suf,Xianisme,NA,X,motiv-sem,des2as
r78287,hobbésianisme,Hobbes,Nm,Npx,suf,Xianisme,NA,X,motiv-sem,des2as
r78319,husserlianisme,Husserl,Nm,Npx,suf,Xianisme,NA,X,motiv-sem,des2as
r78369,hégélianisme,Hegel,Nm,Npx,suf,Xianisme,NA,X,motiv-sem,des2as
r78409,illyrianisme,Illyrie,Nm,Npx,suf,Xianisme,NA,X,motiv-sem,des2as
r78433,indianisme,Inde,Nm,Npx,suf,Xianisme,NA,X,motiv-sem,des2as
r78490,irakianisme,Irak,Nm,Npx,suf,Xianisme,NA,X,motiv-sem,des2as
r78527,italianisme,Italie,Nm,Npx,suf,Xianisme,NA,X,motiv-sem,des2as
r78592,kantianisme,Kant,Nm,Npx,suf,Xianisme,NA,X,motiv-sem,des2as
r78595,keynésianisme,Keynes,Nm,Npx,suf,Xianisme,NA,X,motiv-sem,des2as
r78605,lacanianisme,Lacan,Nm,Npx,suf,Xianisme,NA,X,motiv-sem,des2as
r78627,leibnizianisme,Leibniz,Nm,Npx,suf,Xianisme,NA,X,motiv-sem,des2as
r78636,libertarianisme,libertaire,Nm,Adj,suf,Xianisme,NA,X,motiv-sem,des2as
r78650,lockianisme,Locke,Nm,Npx,suf,Xianisme,NA,X,motiv-sem,des2as
r78657,londonianisme,Londres,Nm,Npx,suf,Xianisme,NA,X,motiv-sem,des2as
r78668,luciférianisme,Lucifer,Nm,Npx,suf,Xianisme,NA,X,motiv-sem,des2as
r78680,luthérianisme,Luther,Nm,Npx,suf,Xianisme,NA,X,motiv-sem,des2as
r78712,macédonianisme,Macédoine,Nm,Npx,suf,Xianisme,NA,X,motiv-sem,des2as
r78744,malthusianisme,Malthus,Nm,Npx,suf,Xianisme,NA,X,motiv-sem,des2as
r78749,manchestérianisme,Manchester,Nm,Npx,suf,Xianisme,NA,X,motiv-sem,des2as
r78761,marcellianisme,Marcel,Nm,Npx,suf,Xianisme,NA,X,motiv-sem,des2as
r78766,marianisme,Marie,Nm,Npf,suf,Xianisme,NA,X,motiv-sem,des2as
r78780,maurrassianisme,Maurras,Nm,Npx,suf,Xianisme,NA,X,motiv-sem,des2as
r78802,messianisme,messie,Nm,Nm,suf,Xianisme,NA,X,motiv-sem,des2as
r78928,mélécianisme,Mélèce,Nm,Npx,suf,Xianisme,NA,X,motiv-sem,des2as
r78969,nestorianisme,Nestorius,Nm,Npx,suf,Xianisme,NA,X,motiv-sem,des2as
r78979,newtonianisme,Newton,Nm,Npx,suf,Xianisme,NA,X,motiv-sem,des2as
r78983,nigerianisme,Nigéria,Nm,Npx,suf,Xianisme,NA,X,motiv-sem,des2as
r78987,nigérianisme,Niger,Nm,Npx,suf,Xianisme,NA,X,motiv-sem,des2as
r79016,norvégianisme,Norvège,Nm,Npx,suf,Xianisme,NA,X,motiv-sem,des2as
r79114,palestinianisme,Palestine,Nm,Npx,suf,Xianisme,NA,X,motiv-sem,des2as
r79118,palladianisme,Palladio,Nm,Npx,suf,Xianisme,NA,X,motiv-sem,des2as
r79161,parisianisme,Paris,Nm,Npx,suf,Xianisme,NA,X,motiv-sem,des2as
r79232,phrygianisme,Phrygie,Nm,Npx,suf,Xianisme,NA,X,motiv-sem,des2as
r79242,phénicianisme,Phénicie,Nm,Npx,suf,Xianisme,NA,X,motiv-sem,des2as
r79313,polynésianisme,Polynésie,Nm,Npx,suf,Xianisme,NA,X,motiv-sem,des2as
r79387,prussianisme,Prusse,Nm,Npx,suf,Xianisme,NA,X,motiv-sem,des2as
r79436,pélagianisme,Pélage,Nm,Npx,suf,Xianisme,NA,X,motiv-sem,des2as
r79452,péruvianisme,Pérou,Nm,Npx,suf,Xianisme,NA,X,motiv-sem,des2as
r79474,rabelaisianisme,Rabelais,Nm,Npx,suf,Xianisme,NA,X,motiv-sem,des2as
r79487,rawlsianisme,Rawls,Nm,Npx,suf,Xianisme,NA,X,motiv-sem,des2as
r79491,reichianisme,Reich,Nm,Npx,suf,Xianisme,NA,X,motiv-sem,des2as
r79497,respirianisme,respirer,Nm,V,suf,Xianisme,NA,X,motiv-sem,des2as
r79504,ricardianisme,Ricardo,Nm,Npx,suf,Xianisme,NA,X,motiv-sem,des2as
r79522,rosicrucianisme,Rose-Croix,Nm,Npx,suf,Xianisme,NA,X,motiv-sem,des2as
r79578,sartrianisme,Sartre,Nm,Npx,suf,Xianisme,NA,X,motiv-sem,des2as
r79616,serbianisme,serbe,Nm,Adj,suf,Xianisme,NA,X,motiv-sem,des2as
r79617,serbianisme,serbe,Nm,Nm,suf,Xianisme,NA,X,motiv-sem,des2as
r79618,serbianisme,Serbie,Nm,Npx,suf,Xianisme,NA,X,motiv-sem,des2as
r79633,sicilianisme,Sicile,Nm,Npx,suf,Xianisme,NA,X,motiv-sem,des2as
r79659,socinianisme,Socin,Nm,Npx,suf,Xianisme,NA,X,motiv-sem,des2as
r79699,stahlianisme,Stahl,Nm,Npx,suf,Xianisme,NA,X,motiv-sem,des2as
r79713,straussianisme,Strauss,Nm,Npx,suf,Xianisme,NA,X,motiv-sem,des2as
r79757,swedenborgianisme,Swedenborg,Nm,Npx,suf,Xianisme,NA,X,motiv-sem,des2as
r79775,syrianisme,Syrie,Nm,Npx,suf,Xianisme,NA,X,motiv-sem,des2as
r79808,séthianisme,Seth,Nm,Npx,suf,Xianisme,NA,X,motiv-sem,des2as
r79881,totalitarianisme,totalitaire,Nm,Adj,suf,Xianisme,NA,X,motiv-sem,des2as
r79887,toulousianisme,Toulouse,Nm,Npx,suf,Xianisme,NA,X,motiv-sem,des2as
r79927,trévoltianisme,Trévoux,Nm,Npx,suf,Xianisme,NA,X,motiv-sem,des2as
r79931,tunisianisme,Tunisie,Nm,Npx,suf,Xianisme,NA,X,motiv-sem,des2as
r79985,valencianisme,Valence,Nm,Npx,suf,Xianisme,NA,X,motiv-sem,des2as
r79986,valentinianisme,Valentin,Nm,Npx,suf,Xianisme,NA,X,motiv-sem,des2as
r80011,virgilianisme,Virgile,Nm,Npx,suf,Xianisme,NA,X,motiv-sem,des2as
r80018,vitruvianisme,Vitruve,Nm,Npx,suf,Xianisme,NA,X,motiv-sem,des2as
r80024,voltairianisme,Voltaire,Nm,Npx,suf,Xianisme,NA,X,motiv-sem,des2as
r80050,wagnérianisme,Wagner,Nm,Npx,suf,Xianisme,NA,X,motiv-sem,des2as
r80060,weberianisme,Weber,Nm,Npx,suf,Xianisme,NA,X,motiv-sem,des2as
r80084,zoroastrianisme,Zoroastre,Nm,Npx,suf,Xianisme,NA,X,motiv-sem,des2as
r80089,zwinglianisme,Zvingle,Nm,Npx,suf,Xianisme,NA,X,motiv-sem,des2as
r80090,zwinglianisme,Zwingli,Nm,Npx,suf,Xianisme,NA,X,motiv-sem,des2as
r80115,égyptianisme,Egypte,Nm,Npx,suf,Xianisme,NA,X,motiv-sem,des2as
r80131,épicurianisme,Epicure,Nm,Npx,suf,Xianisme,NA,X,motiv-sem,des2as
r80145,érasmianisme,Erasme,Nm,Npx,suf,Xianisme,NA,X,motiv-sem,des2as
r80189,acadianisme,Acadie,Nm,Npx,suf,Xianisme,NA,X,motiv-sem,des2as
r80245,algérianisme,Algérie,Nm,Npx,suf,Xianisme,NA,X,motiv-sem,des2as
r80263,alsacianisme,Alsace,Nm,Npx,suf,Xianisme,NA,X,motiv-sem,des2as
r80574,corrégianisme,Corrège,Nm,Npx,suf,Xianisme,NA,X,motiv-sem,des2as
r80577,crocianisme,Croce,Nm,Npx,suf,Xianisme,NA,X,motiv-sem,des2as
r80593,dannunzianisme,D'Annunzio,Nm,Npx,suf,Xianisme,NA,X,motiv-sem,des2as
r80624,engelsianisme,Engels,Nm,Npx,suf,Xianisme,NA,X,motiv-sem,des2as
r80638,extropianisme,extropie,Nm,Nf,suf,Xianisme,NA,X,motiv-sem,des2as
r80656,fichtianisme,Fichte,Nm,Npx,suf,Xianisme,NA,X,motiv-sem,des2as
r80681,fébronianisme,Febronius,Nm,Npx,suf,Xianisme,NA,X,motiv-sem,des2as
r80690,gardnérianisme,Gardner,Nm,Npx,suf,Xianisme,NA,X,motiv-sem,des2as
r80786,lassallianisme,Lassalle,Nm,Npx,suf,Xianisme,NA,X,motiv-sem,des2as
r80879,oedipianisme,oedipe,Nm,Nm,suf,Xianisme,NA,X,motiv-sem,des2as
r80990,rastafarianisme,Ras Tafari,Nm,Npx,suf,Xianisme,NA,X,motiv-sem,des2as
r81004,russellianisme,Russell,Nm,Npx,suf,Xianisme,NA,X,motiv-sem,des2as
r81013,sabellianisme,Sabelius,Nm,Npx,suf,Xianisme,NA,X,motiv-sem,des2as
r81041,schellinguianisme,Schelling,Nm,Npx,suf,Xianisme,NA,X,motiv-sem,des2as
r81052,sergianisme,Serge,Nm,Npx,suf,Xianisme,NA,X,motiv-sem,des2as
r81063,smithianisme,Smith,Nm,Npx,suf,Xianisme,NA,X,motiv-sem,des2as
r81085,terrianisme,terre,Nm,Nm,suf,Xianisme,NA,X,motiv-sem,des2as
r81169,érastianisme,Erastos,Nm,Npx,suf,Xianisme,NA,X,motiv-sem,des2as
r81189,althussérianisme,Althusser,Nm,Npx,suf,Xianisme,NA,X,motiv-sem,des2as
r77751,coexistentialisme,coexistence,Nm,Nf,suf,Xialisme,NA,X,motiv-sem,des2as
r77764,colonialisme,colonie,Nm,Nf,suf,Xialisme,NA,X,motiv-sem,des2as
r77766,commercialisme,commerce,Nm,Nm,suf,Xialisme,NA,X,motiv-sem,des2as
r77916,différentialisme,différence,Nm,Nf,suf,Xialisme,NA,X,motiv-sem,des2as
r78012,essentialisme,essence,Nm,Nf,suf,Xialisme,NA,X,motiv-sem,des2as
r78056,familialisme,famille,Nm,Nf,suf,Xialisme,NA,X,motiv-sem,des2as
r78425,impérialisme,empire,Nm,Nm,suf,Xialisme,NA,X,motiv-sem,des2as
r78442,industrialisme,industrie,Nm,Nf,suf,Xialisme,NA,X,motiv-sem,des2as
r78577,justicialisme,justice,Nm,Nf,suf,Xialisme,NA,X,motiv-sem,des2as
r78779,matérialisme,matière,Nm,Nf,suf,Xialisme,NA,X,motiv-sem,des2as
r78783,maximalisme,maximum,Nm,Nm,suf,Xialisme,NA,X,motiv-sem,des2as
r78799,mercurialisme,mercure,Nm,Nm,suf,Xialisme,NA,X,motiv-sem,des2as
r78816,ministérialisme,ministère,Nm,Nm,suf,Xialisme,NA,X,motiv-sem,des2as
r78842,mondialisme,monde,Nm,Nm,suf,Xialisme,NA,X,motiv-sem,des2as
r79379,providentialisme,providence,Nm,Nf,suf,Xialisme,NA,X,motiv-sem,des2as
r79381,provincialisme,province,Nm,Nf,suf,Xialisme,NA,X,motiv-sem,des2as
r79477,racialisme,race,Nm,Nf,suf,Xialisme,NA,X,motiv-sem,des2as
r79718,substantialisme,substance,Nm,Nf,suf,Xialisme,NA,X,motiv-sem,des2as
r79839,territorialisme,territoire,Nm,Nm,suf,Xialisme,NA,X,motiv-sem,des2as
r77341,austriacisme,Autriche,Nm,Npx,suf,Xiacisme,NA,X,motiv-sem,des2as
r80126,énergétisme,énergie,Nm,Nf,suf,Xétisme,NA,X,motiv-sem,des2as
r80601,dissentérisme,dissident,Nm,Adj,suf,Xérisme,NA,X,motiv-sem,des2as
r80602,dissentérisme,dissident,Nm,Nm,suf,Xérisme,NA,X,motiv-sem,des2as
r77699,chilenisme,Chili,Nm,Npx,suf,Xenisme,NA,X,motiv-sem,des2as
r77270,archangélisme,archange,Nm,Nm,suf,Xélisme,NA,X,motiv-sem,des2as
r77285,aristotélisme,Aristote,Nm,Npx,suf,Xélisme,NA,X,motiv-sem,des2as
r77284,aristotélicisme,Aristote,Nm,Npx,suf,Xélicisme,NA,X,motiv-sem,des2as
r77283,aristotélicianisme,Aristote,Nm,Npx,suf,Xélicianisme,NA,X,motiv-sem,des2as
r78031,européanisme,Europe,Nm,Npx,suf,Xéanisme,NA,X,motiv-sem,des2as
r78377,héraclitéanisme,Héraclite,Nm,Npx,suf,Xéanisme,NA,X,motiv-sem,des2as
r80866,nietzschéanisme,Nietzsche,Nm,Npx,suf,Xéanisme,NA,X,motiv-sem,des2as
r77363,auvergnatisme,Auvergne,Nm,Npx,suf,Xatisme,NA,X,motiv-sem,des2as
r77689,charismatisme,charisme,Nm,Nm,suf,Xatisme,NA,X,motiv-sem,des2as
r77722,chromatisme,couleur,Nm,Nf,suf,Xatisme,NA,X,motiv-sem,des2as
r77669,cellularisme,cellule,Nm,Nf,suf,Xarisme,NA,X,motiv-sem,des2as
r77768,communautarisme,communauté,Nm,Nf,suf,Xarisme,NA,X,motiv-sem,des2as
r78109,fragmentarisme,fragment,Nm,Nm,suf,Xarisme,NA,X,motiv-sem,des2as
r78216,groupuscularisme,groupuscule,Nm,Nm,suf,Xarisme,NA,X,motiv-sem,des2as
r78811,militarisme,armée,Nm,Nf,suf,Xarisme,NA,X,motiv-sem,des2as
r78812,millénarisme,millenium,Nm,Nm,suf,Xarisme,NA,X,motiv-sem,des2as
r78875,monétarisme,monnaie,Nm,Nf,suf,Xarisme,NA,X,motiv-sem,des2as
r79028,nécessitarisme,nécessité,Nm,Nf,suf,Xarisme,NA,X,motiv-sem,des2as
r79099,ovarisme,œuf,Nm,Nm,suf,Xarisme,NA,X,motiv-sem,des2as
r79168,parlementarisme,parlement,Nm,Nm,suf,Xarisme,NA,X,motiv-sem,des2as
r79332,popularisme,peuple,Nm,Nm,suf,Xarisme,NA,X,motiv-sem,des2as
r79549,réglementarisme,réglementer,Nm,V,suf,Xarisme,NA,X,motiv-sem,des2as
r79556,révolutionarisme,révolution,Nm,Nf,suf,Xarisme,NA,X,motiv-sem,des2as
r79559,révolutionnarisme,révolution,Nm,Nf,suf,Xarisme,NA,X,motiv-sem,des2as
r79572,sanitarisme,santé,Nm,Nf,suf,Xarisme,NA,X,motiv-sem,des2as
r79780,sécuritarisme,sécurité,Nm,Nf,suf,Xarisme,NA,X,motiv-sem,des2as
r79911,trinitarisme,trinité,Nm,Nf,suf,Xarisme,NA,X,motiv-sem,des2as
r79958,uniformitarisme,uniformité,Nm,Nf,suf,Xarisme,NA,X,motiv-sem,des2as
r79964,unitarisme,unité,Nm,Nf,suf,Xarisme,NA,X,motiv-sem,des2as
r79978,utilitarisme,utilité,Nm,Nf,suf,Xarisme,NA,X,motiv-sem,des2as
r80022,volontarisme,volonté,Nm,Nf,suf,Xarisme,NA,X,motiv-sem,des2as
r79963,unitarianisme,unité,Nm,Nf,suf,Xarianisme,NA,X,motiv-sem,des2as
r78995,nissardisme,Nice,Nm,Npx,suf,Xardisme,NA,X,motiv-sem,des2as
r79590,savoyardisme,Savoie,Nm,Npx,suf,Xardisme,NA,X,motiv-sem,des2as
r77807,contestantisme,contester,Nm,V,suf,Xantisme,NA,X,motiv-sem,des2as
r77190,antillanisme,Antilles,Nm,Npx,suf,Xanisme,NA,X,motiv-sem,des2as
r77436,belgicanisme,Belgique,Nm,Npx,suf,Xanisme,NA,X,motiv-sem,des2as
r77864,cubanisme,Cuba,Nm,Npx,suf,Xanisme,NA,X,motiv-sem,des2as
r78112,franciscanisme,François,Nm,Npx,suf,Xanisme,NA,X,motiv-sem,des2as
r78676,lusitanisme,portugais,Nm,Adj,suf,Xanisme,NA,X,motiv-sem,des2as
r78677,lusitanisme,portugais,Nm,Nm,suf,Xanisme,NA,X,motiv-sem,des2as
r78679,luthéranisme,Luther,Nm,Npx,suf,Xanisme,NA,X,motiv-sem,des2as
r78721,maghrébanisme,Maghreb,Nm,Npx,suf,Xanisme,NA,X,motiv-sem,des2as
r78736,mahométanisme,Mahomet,Nm,Npx,suf,Xanisme,NA,X,motiv-sem,des2as
r78771,marocanisme,Maroc,Nm,Npx,suf,Xanisme,NA,X,motiv-sem,des2as
r78805,mexicanisme,Mexique,Nm,Npx,suf,Xanisme,NA,X,motiv-sem,des2as
r78891,mozambicanisme,Mozambique,Nm,Npx,suf,Xanisme,NA,X,motiv-sem,des2as
r78950,napolitanisme,Naples,Nm,Npx,suf,Xanisme,NA,X,motiv-sem,des2as
r79550,républicanisme,république,Nm,Nf,suf,Xanisme,NA,X,motiv-sem,des2as
r79866,tibétanisme,Tibet,Nm,Npx,suf,Xanisme,NA,X,motiv-sem,des2as
r79884,toulousanisme,Toulouse,Nm,Npx,suf,Xanisme,NA,X,motiv-sem,des2as
r79969,urbanisme,ville,Nm,Nf,suf,Xanisme,NA,X,motiv-sem,des2as
r80023,voltairanisme,Voltaire,Nm,Npx,suf,Xanisme,NA,X,motiv-sem,des2as
r80062,wesleyanisme,Wesley,Nm,Npx,suf,Xanisme,NA,X,motiv-sem,des2as
r80217,africanisme,Afrique,Nm,Npx,suf,Xanisme,NA,X,motiv-sem,des2as
r80286,américanisme,Amérique,Nm,Npx,suf,Xanisme,NA,X,motiv-sem,des2as
r77636,cantonalisme,canton,Nm,Nm,suf,Xalisme,NA,X,motiv-sem,des2as
r77668,causalisme,cause,Nm,Nf,suf,Xalisme,NA,X,motiv-sem,des2as
r77675,centralisme,centre,Nm,Nm,suf,Xalisme,NA,X,motiv-sem,des2as
r77767,communalisme,commune,Nm,Nf,suf,Xalisme,NA,X,motiv-sem,des2as
r77774,comportementalisme,comportement,Nm,Nm,suf,Xalisme,NA,X,motiv-sem,des2as
r77790,congrégationalisme,congrégation,Nm,Nf,suf,Xalisme,NA,X,motiv-sem,des2as
r77801,constitutionalisme,constitution,Nm,Nf,suf,Xalisme,NA,X,motiv-sem,des2as
r77802,constitutionnalisme,constitution,Nm,Nf,suf,Xalisme,NA,X,motiv-sem,des2as
r77808,continentalisme,continent,Nm,Nm,suf,Xalisme,NA,X,motiv-sem,des2as
r77811,conventionalisme,convention,Nm,Nf,suf,Xalisme,NA,X,motiv-sem,des2as
r77812,conventionnalisme,convention,Nm,Nf,suf,Xalisme,NA,X,motiv-sem,des2as
r77868,culturalisme,culture,Nm,Nf,suf,Xalisme,NA,X,motiv-sem,des2as
r77928,distributionalisme,distribution,Nm,Nf,suf,Xalisme,NA,X,motiv-sem,des2as
r77929,distributionnalisme,distribution,Nm,Nf,suf,Xalisme,NA,X,motiv-sem,des2as
r77936,doctrinalisme,doctrine,Nm,Nf,suf,Xalisme,NA,X,motiv-sem,des2as
r77996,environnementalisme,environnement,Nm,Nm,suf,Xalisme,NA,X,motiv-sem,des2as
r78045,expérimentalisme,expérience,Nm,Nf,suf,Xalisme,NA,X,motiv-sem,des2as
r78050,factionnalisme,faction,Nm,Nf,suf,Xalisme,NA,X,motiv-sem,des2as
r78052,fainéantisme,fainéant,Nm,Adj,suf,Xalisme,NA,X,motiv-sem,des2as
r78053,fainéantisme,fainéant,Nm,Nm,suf,Xalisme,NA,X,motiv-sem,des2as
r78097,fonctionalisme,fonction,Nm,Nf,suf,Xalisme,NA,X,motiv-sem,des2as
r78100,fonctionnalisme,fonction,Nm,Nf,suf,Xalisme,NA,X,motiv-sem,des2as
r78102,fondamentalisme,fondement,Nm,Nm,suf,Xalisme,NA,X,motiv-sem,des2as
r78104,formalisme,forme,Nm,Nf,suf,Xalisme,NA,X,motiv-sem,des2as
r78211,gouvernementalisme,gouvernement,Nm,Nm,suf,Xalisme,NA,X,motiv-sem,des2as
r78396,idéalisme,idée,Nm,Nf,suf,Xalisme,NA,X,motiv-sem,des2as
r78462,institutionalisme,institution,Nm,Nf,suf,Xalisme,NA,X,motiv-sem,des2as
r78463,institutionnalisme,institution,Nm,Nf,suf,Xalisme,NA,X,motiv-sem,des2as
r78464,instrumentalisme,instrument,Nm,Nm,suf,Xalisme,NA,X,motiv-sem,des2as
r78466,insurrectionnalisme,insurrection,Nm,Nf,suf,Xalisme,NA,X,motiv-sem,des2as
r78470,intentionalisme,intention,Nm,Nf,suf,Xalisme,NA,X,motiv-sem,des2as
r78471,intentionnalisme,intention,Nm,Nf,suf,Xalisme,NA,X,motiv-sem,des2as
r78639,libéralisme,liberté,Nm,Nf,suf,Xalisme,NA,X,motiv-sem,des2as
r78696,légalisme,loi,Nm,Nf,suf,Xalisme,NA,X,motiv-sem,des2as
r78814,minimalisme,minimum,Nm,Nm,suf,Xalisme,NA,X,motiv-sem,des2as
r78831,modalisme,mode,Nm,Nm,suf,Xalisme,NA,X,motiv-sem,des2as
r78900,musicalisme,musique,Nm,Nf,suf,Xalisme,NA,X,motiv-sem,des2as
r78933,méridionalisme,Midi,Nm,Npx,suf,Xalisme,NA,X,motiv-sem,des2as
r78956,nationalisme,nation,Nm,Nf,suf,Xalisme,NA,X,motiv-sem,des2as
r78959,naturalisme,nature,Nm,Nf,suf,Xalisme,NA,X,motiv-sem,des2as
r78971,neutralisme,neutre,Nm,Adj,suf,Xalisme,NA,X,motiv-sem,des2as
r79002,nominalisme,nom,Nm,Nm,suf,Xalisme,NA,X,motiv-sem,des2as
r79061,occidentalisme,Occident,Nm,Npx,suf,Xalisme,NA,X,motiv-sem,des2as
r79084,orientalisme,Orient,Nm,Npx,suf,Xalisme,NA,X,motiv-sem,des2as
r79204,personnalisme,personne,Nm,Nf,suf,Xalisme,NA,X,motiv-sem,des2as
r79236,physicalisme,physique,Nm,Nf,suf,Xalisme,NA,X,motiv-sem,des2as
r79246,phénoménalisme,phénomène,Nm,Nm,suf,Xalisme,NA,X,motiv-sem,des2as
r79378,provençalisme,Provence,Nm,Npx,suf,Xalisme,NA,X,motiv-sem,des2as
r79531,royalisme,roi,Nm,Nm,suf,Xalisme,NA,X,motiv-sem,des2as
r79547,régionalisme,région,Nm,Nf,suf,Xalisme,NA,X,motiv-sem,des2as
r79565,sacerdotalisme,prêtre,Nm,Nm,suf,Xalisme,NA,X,motiv-sem,des2as
r79661,sociétalisme,société,Nm,Nf,suf,Xalisme,NA,X,motiv-sem,des2as
r79715,structuralisme,structure,Nm,Nf,suf,Xalisme,NA,X,motiv-sem,des2as
r79893,traditionalisme,tradition,Nm,Nf,suf,Xalisme,NA,X,motiv-sem,des2as
r79894,traditionnalisme,tradition,Nm,Nf,suf,Xalisme,NA,X,motiv-sem,des2as
r79896,transcendantalisme,transcendance,Nm,Nf,suf,Xalisme,NA,X,motiv-sem,des2as
r79907,tribalisme,tribu,Nm,Nf,suf,Xalisme,NA,X,motiv-sem,des2as
r79913,triomphalisme,triomphe,Nm,Nm,suf,Xalisme,NA,X,motiv-sem,des2as
r80125,émotionalisme,émotion,Nm,Nf,suf,Xalisme,NA,X,motiv-sem,des2as
r80136,épiphénoménalisme,épiphénomène,Nm,Nm,suf,Xalisme,NA,X,motiv-sem,des2as
r80197,actionnalisme,action,Nm,Nf,suf,Xalisme,NA,X,motiv-sem,des2as
r78691,lyonnaisisme,Lyon,Nm,Npx,suf,Xaisisme,NA,X,motiv-sem,des2as
r80318,anglaisisme,Angeterre,Nm,Npx,suf,Xaisisme,NA,X,motiv-sem,des2as
r79977,utilitairisme,utilité,Nm,Nf,suf,Xairisme,NA,X,motiv-sem,des2as
r79962,unitairianisme,unité,Nm,Nf,suf,Xairianisme,NA,X,motiv-sem,des2as
r79976,utilitairianisme,utilité,Nm,Nf,suf,Xairianisme,NA,X,motiv-sem,des2as
r80994,rhotacisme,rho,Nm,Nm,suf,Xacisme,NA,X,motiv-sem,des2as