rid,graph_1,lid_2,graph_2,cat_1,cat_2,type_cstr_1,cstr_1,type_cstr_2,cstr_2,complexite,orientation
r47,anonymat,l100313,anonyme,Nm,Nm,suf,Xat,NA,X,simple,des2as
r366,antipapat,l101800,antipape,Nm,Nm,suf,Xat,NA,X,simple,des2as
r450,antiquariat,l101970,antiquaire,Nm,Nm,suf,Xat,NA,X,simple,des2as
r593,apatridat,l102696,apatride,Nm,Nm,suf,Xat,NA,X,simple,des2as
r647,apostolat,l103700,apôtre,Nm,Nm,suf,Xat,NA,X,simple,des2as
r650,apothicairat,l103176,apothicaire,Nm,Nm,suf,Xat,NA,X,simple,des2as
r652,apothicariat,l103176,apothicaire,Nm,Nm,suf,Xat,NA,X,simple,des2as
r676,apparitorat,l103259,appariteur,Nm,Nm,suf,Xat,NA,X,simple,des2as
r677,apparitoriat,l103259,appariteur,Nm,Nm,suf,Xiat,NA,X,simple,des2as
r715,apprentissariat,l103428,apprenti,Nm,Nm,suf,Xariat,NA,X,simple,des2as
r805,arbitrariat,l104131,arbitre,Nm,Nm,suf,Xariat,NA,X,simple,des2as
r806,arbitrat,l104131,arbitre,Nm,Nm,suf,Xat,NA,X,simple,des2as
r810,arbitrorat,l104131,arbitre,Nm,Nm,suf,Xorat,NA,X,simple,des2as
r839,archicapellanat,l104434,archichapelain,Nm,Nm,suf,Xat,NA,X,simple,des2as
r840,archidiaconat,l104446,archidiacre,Nm,Nm,suf,Xat,NA,X,simple,des2as
r841,archiducat,l104450,archiduc,Nm,Nm,suf,Xat,NA,X,simple,des2as
r842,archimandritat,l104486,archimandrite,Nm,Nm,suf,Xat,NA,X,simple,des2as
r843,archipresbytérat,l104512,archiprêtre,Nm,Nm,suf,Xat,NA,X,simple,des2as
r844,archiprésulat,l104399,archevêque,Nm,Nm,suf,Xat,NA,X,simple,des2as
r846,architectorat,l104519,architecte,Nm,Nm,suf,Xorat,NA,X,simple,des2as
r851,archivariat,l104549,archivaire,Nm,Nm,suf,Xat,NA,X,simple,des2as
r852,archivariat,l104554,archives,Nm,Nf,suf,Xariat,NA,X,simple,des2as
r853,archivat,l104554,archives,Nm,Nf,suf,Xat,NA,X,simple,des2as
r860,archiépiscopat,l104399,archevêque,Nm,Nm,suf,Xat,NA,X,simple,des2as
r861,archontat,l104572,archonte,Nm,Nm,suf,Xat,NA,X,simple,des2as
r1056,artisanat,l106436,artisan,Nm,Nm,suf,Xat,NA,X,simple,des2as
r1057,artistanat,l106453,artiste,Nm,Nm,suf,Xanat,NA,X,simple,des2as
r1058,artisticat,l106453,artiste,Nm,Nm,suf,Xicat,NA,X,motiv-sem,des2as
r1102,asiarcat,l106937,asiarque,Nm,Nm,suf,Xat,NA,X,simple,des2as
r1103,asiarchat,l106937,asiarque,Nm,Nm,suf,Xat,NA,X,simple,des2as
r1132,aspiranat,l107134,aspirant,Nm,Nm,suf,Xat,NA,X,simple,des2as
r1133,aspirantat,l107134,aspirant,Nm,Nm,suf,Xat,NA,X,simple,des2as
r1148,assassinat,l107258,assassiner,Nm,V,conv,X,NA,X,simple,des2as
r1176,assesseurat,l107329,assesseur,Nm,Nm,suf,Xat,NA,X,simple,des2as
r1177,assessorat,l107329,assesseur,Nm,Nm,suf,Xat,NA,X,simple,des2as
r1178,assessoriat,l107329,assesseur,Nm,Nm,suf,Xiat,NA,X,simple,des2as
r1183,assignat,l107384,assigner,Nm,V,conv,X,NA,X,simple,des2as
r1201,assistanat,l107430,assistant,Nm,Nm,suf,Xat,NA,X,simple,des2as
r1204,assistantat,l107430,assistant,Nm,Nm,suf,Xat,NA,X,simple,des2as
r1205,assistariat,l107435,assister,Nm,V,suf,Xariat,NA,X,complexe,des2as
r1299,atamanat,l107948,ataman,Nm,Nm,suf,Xat,NA,X,simple,des2as
r1361,attentat,l108404,attenter,Nm,V,conv,X,NA,X,simple,des2as
r1430,auctorat,l109910,auteur,Nm,Nm,suf,Xat,NA,X,simple,des2as
r1431,auctoriat,l109910,auteur,Nm,Nm,suf,Xiat,NA,X,simple,des2as
r1451,auditorat,l109120,auditeur,Nm,Nm,suf,Xat,NA,X,simple,des2as
r1452,auditoriat,l109120,auditeur,Nm,Nm,suf,Xiat,NA,X,simple,des2as
r1469,augurat,l109265,augure,Nm,Nm,suf,Xat,NA,X,simple,des2as
r1471,augustat,l109273,auguste,Nm,Nm,suf,Xat,NA,X,simple,des2as
r1502,auteurat,l109910,auteur,Nm,Nm,suf,Xat,NA,X,simple,des2as
r1568,autorat,l109910,auteur,Nm,Nm,suf,Xat,NA,X,simple,des2as
r1570,autoriat,l109910,auteur,Nm,Nm,suf,Xat,NA,X,simple,des2as
r1575,autoritariat,l111451,autoritaire,Nm,Adj,suf,Xat,NA,X,simple,des2as
r1591,auxiliairat,l111781,auxiliaire,Nm,Nm,suf,Xat,NA,X,simple,des2as
r1595,auxiliarat,l111781,auxiliaire,Nm,Nm,suf,Xat,NA,X,simple,des2as
r1596,auxiliariat,l111781,auxiliaire,Nm,Nm,suf,Xat,NA,X,simple,des2as
r1621,avatarat,l112083,avatar,Nm,Nm,suf,Xat,NA,X,simple,des2as
r1660,avocariat,l112448,avocat,Nm,Nm,suf,Xariat,NA,X,simple,des2as
r1666,avocatat,l112448,avocat,Nm,Nm,suf,Xat,NA,X,simple,des2as
r1682,avunculat,l274132,oncle,Nm,Nm,suf,Xat,NA,X,simple,des2as
r1742,bacchantat,l113477,bacchante,Nm,Nf,suf,Xat,NA,X,simple,des2as
r1748,bacheliérat,l113515,bachelier,Nm,Nm,suf,Xat,NA,X,simple,des2as
r1749,bachellerat,l113515,bachelier,Nm,Nm,suf,Xat,NA,X,simple,des2as
r1750,bachelorat,l113515,bachelier,Nm,Nm,suf,Xat,NA,X,simple,des2as
r1814,ATERat,l382819,ATER,Nm,Nm,suf,Xat,NA,X,simple,des2as
r1956,bambinat,l115078,bambin,Nm,Nm,suf,Xat,NA,X,simple,des2as
r1976,banat,l115114,ban,Nm,Nm,suf,Xat,NA,X,simple,des2as
r2103,barbouzat,l115950,barbouze,Nm,Nm,suf,Xat,NA,X,simple,des2as
r2133,baronnat,l116361,baron,Nm,Nm,suf,Xat,NA,X,simple,des2as
r2215,bat,l117620,battre,Nm,V,conv,X,conv,X,simple,NA
r2281,bayadérat,l117967,bayadère,Nm,Nf,suf,Xat,NA,X,simple,des2as
r2297,beau-pérariat,l382833,beau-père +,Nm,Nm,suf,Xariat,NA,X,simple,des2as
r2323,benjaminat,l119753,benjamin,Nm,Nm,suf,Xat,NA,X,simple,des2as
r2382,beylicat,l121213,bey,Nm,Nm,suf,Xicat,NA,X,simple,des2as
r2383,beylikat,l121213,bey,Nm,Nm,suf,Xikat,NA,X,simple,des2as
r2384,bi-hebdomadariat,l382836,bi-hebdomadaire +,Nm,Adj,suf,Xat,NA,X,simple,des2as
r2410,bibliothécariat,l121513,bibliothécaire,Nm,Nm,suf,Xat,NA,X,simple,des2as
r2483,bimestriat,l122440,bimestre,Nm,Nm,suf,Xat,NA,X,simple,des2as
r2665,blogariat,l124399,blog,Nm,Nm,suf,Xariat,NA,X,simple,des2as
r2666,blogorat,l124412,blogueur,Nm,Nm,suf,Xat,NA,X,simple,des2as
r2715,bobonnat,l10467,Bobonne,Nm,Npx,suf,Xat,NA,X,simple,des2as
r2716,bobotariat,l124766,bobo,Nm,Nm,suf,Xariat,NA,X,simple,des2as
r2745,bolchevicat,l125402,bolchevik,Nm,Nm,suf,Xat,NA,X,simple,des2as
r2801,bonzariat,l126158,bonze,Nm,Nm,suf,Xariat,NA,X,simple,des2as
r2803,bonzicat,l126158,bonze,Nm,Nm,suf,Xicat,NA,X,simple,des2as
r2829,borgnat,l126367,borgne,Nm,Adj,suf,Xat,NA,X,simple,des2as
r2831,borgniat,l126367,borgne,Nm,Adj,suf,Xat,NA,X,simple,des2as
r2844,bossariat,l126686,bosser,Nm,V,suf,Xariat,NA,X,simple,des2as
r2948,bouffonnariat,l127271,bouffon,Nm,Nm,suf,Xariat,NA,X,simple,des2as
r2949,bouffonnat,l127271,bouffon,Nm,Nm,suf,Xat,NA,X,simple,des2as
r3010,bouleutat,l382846,bouleute,Nm,Nm,suf,Xat,NA,X,simple,des2as
r3064,bourgeoisat,l128143,bourgeois,Nm,Nm,suf,Xat,NA,X,simple,des2as
r3069,bourgmestrat,l128190,bourgmestre,Nm,Nm,suf,Xat,NA,X,simple,des2as
r3070,bourgmestriat,l128190,bourgmestre,Nm,Nm,suf,Xat,NA,X,simple,des2as
r3202,brahmanat,l129438,brahmane,Nm,Nm,suf,Xat,NA,X,simple,des2as
r3492,broyat,l131786,broyer,Nm,V,conv,X,NA,X,simple,des2as
r3601,burgravat,l133395,burgrave,Nm,Nm,suf,Xat,NA,X,simple,des2as
r3602,burgraviat,l133395,burgrave,Nm,Nm,suf,Xat,NA,X,simple,des2as
r3698,bâtonnariat,l134139,bâtonnier,Nm,Nm,suf,Xat,NA,X,simple,des2as
r3706,bébétariat,l134211,bébé,Nm,Nm,suf,Xariat,NA,X,simple,des2as
r3737,béguinat,l134448,béguine,Nm,Nf,suf,Xat,NA,X,simple,des2as
r3760,bénéficiariat,l134733,bénéficiaire,Nm,Nm,suf,Xat,NA,X,simple,des2as
r3764,bénévolat,l134759,bénévole,Nm,Nm,suf,Xat,NA,X,simple,des2as
r3805,bûcheronnat,l135153,bûcheron,Nm,Nm,suf,Xat,NA,X,simple,des2as
r3870,cacicat,l135660,cacique,Nm,Nm,suf,Xat,NA,X,simple,des2as
r3871,caciquat,l135660,cacique,Nm,Nm,suf,Xat,NA,X,simple,des2as
r3897,cadiat,l135820,cadi,Nm,Nm,suf,Xat,NA,X,simple,des2as
r3902,cadrariat,l135909,cadre,Nm,Nm,suf,Xariat,NA,X,simple,des2as
r4004,calfat,l136738,calfater,Nm,V,conv,X,conv,X,simple,NA
r4020,califat,l136802,calife,Nm,Nm,suf,Xat,NA,X,simple,des2as
r4022,califiat,l136802,calife,Nm,Nm,suf,Xat,NA,X,simple,des2as
r4089,camerlingat,l137508,camerlingue,Nm,Nm,suf,Xat,NA,X,simple,des2as
r4090,camerlinguat,l137508,camerlingue,Nm,Nm,suf,Xat,NA,X,simple,des2as
r4126,caméristat,l138016,camériste,Nm,Nm,suf,Xat,NA,X,simple,des2as
r4153,cancellariat,l145704,chancelier,Nm,Nm,suf,Xat,NA,X,simple,des2as
r4159,candidariat,l138277,candidat,Nm,Nm,suf,Xariat,NA,X,simple,des2as
r4195,canonicat,l145853,chanoine,Nm,Nm,suf,Xat,NA,X,simple,des2as
r4228,cantorat,l138775,cantor,Nm,Nm,suf,Xat,NA,X,simple,des2as
r4238,capacitariat,l138893,capacitaire,Nm,Nm,suf,Xat,NA,X,simple,des2as
r4248,capitainat,l139146,capitaine,Nm,Nm,suf,Xat,NA,X,simple,des2as
r4250,capitalat,l139150,capital,Nm,Nm,suf,Xat,NA,X,simple,des2as
r4259,capitanat,l139146,capitaine,Nm,Nm,suf,Xat,NA,X,simple,des2as
r4260,capitat,l147991,chef,Nm,Nm,suf,Xat,NA,X,simple,des2as
r4263,capitoulat,l139193,capitoul,Nm,Nm,suf,Xat,NA,X,simple,des2as
r4278,caporalat,l139253,caporal,Nm,Nm,suf,Xat,NA,X,simple,des2as
r4334,carabinat,l139532,carabin,Nm,Nm,suf,Xat,NA,X,simple,des2as
r4393,cardinalat,l139962,cardinal,Nm,Nm,suf,Xat,NA,X,simple,des2as
r4556,castellanat,l141630,castellan,Nm,Nm,suf,Xat,NA,X,simple,des2as
r4560,castorat,l141987,castor,Nm,Nm,suf,Xat,NA,X,simple,des2as
r4563,castrat,l142013,castrer,Nm,V,conv,X,NA,X,simple,des2as
r4597,catholicat,l142377,catholicos,Nm,Nm,suf,Xat,NA,X,simple,des2as
r4599,catholicosat,l142377,catholicos,Nm,Nm,suf,Xat,NA,X,simple,des2as
r4600,catholicossat,l142377,catholicos,Nm,Nm,suf,Xat,NA,X,simple,des2as
r4614,catéchistat,l142515,catéchiste,Nm,Nm,suf,Xat,NA,X,simple,des2as
r4617,catéchumanat,l142524,catéchumène,Nm,Nm,suf,Xat,NA,X,simple,des2as
r4618,catéchuménat,l142524,catéchumène,Nm,Nm,suf,Xat,NA,X,simple,des2as
r4627,catépanat,l142557,catépan,Nm,Nm,suf,Xat,NA,X,simple,des2as
r4632,caudillat,l142655,caudillo,Nm,Nm,suf,Xat,NA,X,simple,des2as
r4662,cavaliérat,l142933,cavalier,Nm,Nm,suf,Xat,NA,X,simple,des2as
r4673,caïdat,l143214,caïd,Nm,Nm,suf,Xat,NA,X,simple,des2as
r4674,caïmacanat,l143220,caïmacan,Nm,Nm,suf,Xat,NA,X,simple,des2as
r4675,caïmanat,l143224,caïman,Nm,Nm,suf,Xat,NA,X,simple,des2as
r4707,censorat,l143557,censeur,Nm,Nm,suf,Xat,NA,X,simple,des2as
r4708,censoriat,l143557,censeur,Nm,Nm,suf,Xat,NA,X,simple,des2as
r4717,centenariat,l143604,centenaire,Nm,Adj,suf,Xat,NA,X,simple,des2as
r4718,centenariat,l143606,centenaire,Nm,Nm,suf,Xat,NA,X,simple,des2as
r4743,centumvirat,l143776,centumvir,Nm,Nm,suf,Xat,NA,X,simple,des2as
r4745,centurionat,l143787,centurion,Nm,Nm,suf,Xat,NA,X,simple,des2as
r4746,centurionnat,l143787,centurion,Nm,Nm,suf,Xat,NA,X,simple,des2as
r4760,certificat,l144030,certifier,Nm,V,conv,X,NA,X,simple,des2as
r4837,chambellanat,l144974,chambellan,Nm,Nm,suf,Xat,NA,X,simple,des2as
r4864,championnat,l145482,champion,Nm,Nm,suf,Xat,NA,X,simple,des2as
r4869,chancelariat,l145704,chancelier,Nm,Nm,suf,Xat,NA,X,simple,des2as
r4886,chanoinat,l145853,chanoine,Nm,Nm,suf,Xat,NA,X,simple,des2as
r4926,chaperonnat,l146234,chaperon,Nm,Nm,suf,Xat,NA,X,simple,des2as
r4976,charlatanat,l146551,charlatan,Nm,Nm,suf,Xat,NA,X,simple,des2as
r5040,chat,l147318,chatter,Nm,V,conv,X,conv,X,simple,NA
r5081,chauffeurat,l147491,chauffeur,Nm,Nm,suf,Xat,NA,X,simple,des2as
r5111,chefariat,l147991,chef,Nm,Nm,suf,Xariat,NA,X,simple,des2as
r5112,cheffat,l147991,chef,Nm,Nm,suf,Xat,NA,X,simple,des2as
r5113,chefforat,l147991,chef,Nm,Nm,suf,Xorat,NA,X,simple,des2as
r5114,cheftainat,l147991,chef,Nm,Nm,suf,Xainat,NA,X,motiv-sem,des2as
r5115,cheftanat,l147991,chef,Nm,Nm,suf,Xanat,NA,X,motiv-sem,des2as
r5116,cheikat,l148032,cheik,Nm,Nm,suf,Xat,NA,X,simple,des2as
r5117,cheikhat,l148034,cheikh,Nm,Nm,suf,Xat,NA,X,simple,des2as
r5137,cherchorat,l148313,chercheur,Nm,Nm,suf,Xat,NA,X,simple,des2as
r5400,chérifat,l151068,chérif,Nm,Nm,suf,Xat,NA,X,simple,des2as
r5401,chérifiat,l151068,chérif,Nm,Nm,suf,Xiat,NA,X,simple,des2as
r5407,chérubinat,l151113,chérubin,Nm,Nm,suf,Xat,NA,X,simple,des2as
r5462,cinquantenariat,l151589,cinquantenaire,Nm,Nm,suf,Xat,NA,X,simple,des2as
r5545,citoyennat,l152100,citoyen,Nm,Nm,suf,Xat,NA,X,simple,des2as
r5583,clandestinat,l152427,clandestin,Nm,Nm,suf,Xat,NA,X,simple,des2as
r5613,clarissimat,l152579,clarissime,Nm,Nm,suf,Xat,NA,X,simple,des2as
r5645,clavariat,l152709,clavaire,Nm,Nm,suf,Xat,NA,X,simple,des2as
r5706,clochariat,l153221,clochard,Nm,Nm,suf,Xiat,NA,X,simple,des2as
r5758,cléricat,l152886,clerc,Nm,Nm,suf,Xicat,NA,X,simple,des2as
r5765,co-auctoriat,l153753,co-auteur,Nm,Nm,suf,Xiat,NA,X,simple,des2as
r5766,co-auteurat,l153753,co-auteur,Nm,Nm,suf,Xat,NA,X,simple,des2as
r5767,co-autorat,l153753,co-auteur,Nm,Nm,suf,Xat,NA,X,simple,des2as
r5768,co-autoriat,l153753,co-auteur,Nm,Nm,suf,Xiat,NA,X,simple,des2as
r5769,co-principat,l153829,co-prince,Nm,Nm,suf,Xat,NA,X,simple,des2as
r5771,coachariat,l153871,coach,Nm,Nm,suf,Xariat,NA,X,simple,des2as
r5779,coadjutorat,l153890,coadjuteur,Nm,Nm,suf,Xat,NA,X,simple,des2as
r5780,coadjutoriat,l153890,coadjuteur,Nm,Nm,suf,Xat,NA,X,simple,des2as
r5837,codirectorat,l154333,codirecteur,Nm,Nm,suf,Xat,NA,X,simple,des2as
r5874,cognitariat,l154547,cognitaire,Nm,Nm,suf,Xat,NA,X,simple,des2as
r5877,cognitorat,l339731,spécialiste,Nm,Nm,suf,Xat,NA,X,accidentel,des2as
r5916,collabotariat,l154894,collabo,Nm,Nm,suf,Xariat,NA,X,simple,des2as
r5943,collectionariat,l154973,collectionneur,Nm,Nm,suf,Xiat,NA,X,simple,des2as
r5953,collectorat,l154965,collecteur,Nm,Nm,suf,Xat,NA,X,simple,des2as
r5977,colocatariat,l155191,colocataire,Nm,Nm,suf,Xat,NA,X,simple,des2as
r5981,colonat,l155322,colon,Nm,Nm,suf,Xat,NA,X,simple,des2as
r5982,colonellat,l155335,colonel,Nm,Nm,suf,Xat,NA,X,simple,des2as
r5987,colonélat,l155335,colonel,Nm,Nm,suf,Xat,NA,X,simple,des2as
r6024,combat,l155601,combattre,Nm,V,conv,X,conv,X,simple,NA
r6028,combinat,l155639,combiner,Nm,V,conv,X,NA,X,simple,des2as
r6046,comitat,l156587,comte,Nm,Nm,suf,Xat,NA,X,simple,des2as
r6047,commandanat,l155818,commandant,Nm,Nm,suf,Xat,NA,X,simple,des2as
r6056,commanditariat,l155829,commanditaire,Nm,Nm,suf,Xat,NA,X,simple,des2as
r6058,commandorat,l155827,commandeur,Nm,Nm,suf,Xat,NA,X,simple,des2as
r6074,commentatorat,l155888,commentateur,Nm,Nm,suf,Xat,NA,X,simple,des2as
r6075,commentatoriat,l155888,commentateur,Nm,Nm,suf,Xat,NA,X,simple,des2as
r6087,commissairat,l155949,commissaire,Nm,Nm,suf,Xat,NA,X,simple,des2as
r6089,commissairiat,l155949,commissaire,Nm,Nm,suf,Xat,NA,X,simple,des2as
r6090,commissariat,l155949,commissaire,Nm,Nm,suf,Xat,NA,X,simple,des2as
r6093,commissionnairat,l155958,commissionnaire,Nm,Nm,suf,Xat,NA,X,simple,des2as
r6095,commissionnariat,l155958,commissionnaire,Nm,Nm,suf,Xat,NA,X,simple,des2as
r6099,commodorat,l155994,commodore,Nm,Nm,suf,Xat,NA,X,simple,des2as
r6107,communautariat,l156023,communautaire,Nm,Adj,suf,Xat,NA,X,simple,des2as
r6144,compagnonat,l156136,compagnon,Nm,Nm,suf,Xat,NA,X,simple,des2as
r6217,complémentariat,l156333,complémentaire,Nm,Adj,suf,Xat,NA,X,simple,des2as
r6237,compradorat,l156431,compradore,Nm,Nm,suf,Xat,NA,X,simple,des2as
r6238,compradoriat,l156431,compradore,Nm,Nm,suf,Xat,NA,X,simple,des2as
r6282,comtat,l156587,comte,Nm,Nm,suf,Xat,NA,X,simple,des2as
r6283,comtorat,l156603,comtor,Nm,Nm,suf,Xat,NA,X,simple,des2as
r6284,comédianat,l156619,comédien,Nm,Nm,suf,Xat,NA,X,simple,des2as
r6307,concentrationnariat,l156695,concentrationnaire,Nm,Adj,suf,Xat,NA,X,simple,des2as
r6331,concessionnariat,l156757,concessionnaire,Nm,Nm,suf,Xat,NA,X,simple,des2as
r6335,conciergeat,l156829,concierge,Nm,Nm,suf,Xat,NA,X,simple,des2as
r6349,concordat,l156893,concorder,Nm,V,conv,X,NA,X,simple,des2as
r6359,concubinat,l156944,concubin,Nm,Nm,suf,Xat,NA,X,simple,des2as
r6391,conductorat,l157123,conducteur,Nm,Nm,suf,Xat,NA,X,simple,des2as
r6417,confessorat,l157190,confesseur,Nm,Nm,suf,Xat,NA,X,simple,des2as
r6489,conglomérat,l157454,conglomérer,Nm,V,conv,X,NA,X,simple,des2as
r6533,conjugat,l157614,conjoint,Nm,Nm,suf,Xat,NA,X,simple,des2as
r6550,connariat,l157701,connard,Nm,Nm,suf,Xat,NA,X,simple,des2as
r6564,connétablat,l157801,connétable,Nm,Nm,suf,Xat,NA,X,simple,des2as
r6581,conseillorat,l157889,conseiller,Nm,Nm,suf,Xat,NA,X,simple,des2as
r6600,conservatorat,l157907,conservateur,Nm,Nm,suf,Xat,NA,X,simple,des2as
r6601,conservatoriat,l157907,conservateur,Nm,Nm,suf,Xat,NA,X,simple,des2as
r6654,constat,l158069,constater,Nm,V,conv,X,conv,X,simple,NA
r6686,consulariat,l158158,consulaire,Nm,Nm,suf,Xat,NA,X,simple,des2as
r6687,consulat,l158155,consul,Nm,Nm,suf,Xat,NA,X,simple,des2as
r6688,consulorat,l158164,consulor,Nm,Nm,suf,Xat,NA,X,simple,des2as
r6689,consultanat,l158171,consultant,Nm,Nm,suf,Xat,NA,X,simple,des2as
r6787,contrat,l158453,contracter,Nm,V,conv,X,conv,X,simple,NA
r6810,contremaîtrariat,l159022,contremaître,Nm,Nm,suf,Xariat,NA,X,simple,des2as
r6839,contributorat,l159142,contributeur,Nm,Nm,suf,Xat,NA,X,simple,des2as
r6845,contrôleurat,l159209,contrôleur,Nm,Nm,suf,Xat,NA,X,simple,des2as
r6870,conviviat,l159345,convive,Nm,Nm,suf,Xat,NA,X,simple,des2as
r6937,copinariat,l159491,copain,Nm,Nm,suf,Xariat,NA,X,simple,des2as
r6938,copinat,l159491,copain,Nm,Nm,suf,Xat,NA,X,simple,des2as
r6949,copropriétariat,l382876,co-propriétaire,Nm,Nm,suf,Xat,NA,X,simple,des2as
r7001,cornacat,l160354,cornac,Nm,Nm,suf,Xat,NA,X,simple,des2as
r7056,correctorat,l160719,correcteur,Nm,Nm,suf,Xat,NA,X,simple,des2as
r7057,correctoriat,l160719,correcteur,Nm,Nm,suf,Xat,NA,X,simple,des2as
r7086,corrégidorat,l160739,corregidor,Nm,Nm,suf,Xat,NA,X,simple,des2as
r7087,corrégidoriat,l160842,corrégidor,Nm,Nm,suf,Xat,NA,X,simple,des2as
r7088,corrélat,l160854,corréler,Nm,V,conv,X,NA,X,simple,des2as
r7094,corsariat,l160870,corsaire,Nm,Nm,suf,Xat,NA,X,simple,des2as
r7292,courtisanat,l162813,courtisan,Nm,Nm,suf,Xat,NA,X,simple,des2as
r7293,courtisanat,l162815,courtisane,Nm,Nf,suf,Xat,NA,X,simple,des2as
r7307,cousinat,l162921,cousin,Nm,Nm,suf,Xat,NA,X,simple,des2as
r7323,coutumat,l163102,coutume,Nm,Nf,suf,Xat,NA,X,simple,des2as
r7343,cover-girlariat,l163272,cover-girl,Nm,Nf,suf,Xariat,NA,X,simple,des2as
r7355,crachat,l163473,cracher,Nm,V,conv,X,NA,X,simple,des2as
r7765,curatorat,l166855,curateur,Nm,Nm,suf,Xat,NA,X,simple,des2as
r7766,curatoriat,l166855,curateur,Nm,Nm,suf,Xat,NA,X,simple,des2as
r7772,curetonat,l166923,cureton,Nm,Nm,suf,Xat,NA,X,simple,des2as
r7776,custodat,l167176,custode,Nm,Nm,suf,Xat,NA,X,simple,des2as
r7870,célibatairat,l168160,célibataire,Nm,Nm,suf,Xat,NA,X,simple,des2as
r7874,célibatairiat,l168160,célibataire,Nm,Nm,suf,Xat,NA,X,simple,des2as
r7875,célibatariat,l168160,célibataire,Nm,Nm,suf,Xat,NA,X,simple,des2as
r7876,célibatorat,l168160,célibataire,Nm,Nm,suf,Xat,NA,X,simple,des2as
r7886,cénobitat,l168229,cénobite,Nm,Nm,suf,Xat,NA,X,simple,des2as
r7904,césarat,l168533,césar,Nm,Nm,suf,Xat,NA,X,simple,des2as
r7905,césariat,l168533,césar,Nm,Nm,suf,Xiat,NA,X,simple,des2as
r7907,césaréat,l168533,césar,Nm,Nm,suf,Xéat,NA,X,simple,des2as
r7965,damoisellat,l170327,demoiselle,Nm,Nf,suf,Xat,NA,X,simple,des2as
r7983,dapiférat,l169499,dapifer,Nm,Nm,suf,Xat,NA,X,simple,des2as
r7986,dardanariat,l169529,dardanaire,Nm,Nm,suf,Xat,NA,X,simple,des2as
r7996,datariat,l169712,dataire,Nm,Nm,suf,Xat,NA,X,simple,des2as
r8010,dauphinat,l169797,dauphin,Nm,Nm,suf,Xat,NA,X,simple,des2as
r8012,daïmiat,l169888,daïmi,Nm,Nm,suf,Xat,NA,X,simple,des2as
r8015,delphinat,l169797,dauphin,Nm,Nm,suf,Xat,NA,X,simple,des2as
r8058,dervichat,l170660,derviche,Nm,Nm,suf,Xat,NA,X,simple,des2as
r8070,despotat,l170777,despote,Nm,Nm,suf,Xat,NA,X,simple,des2as
r8119,destinatariat,l170928,destinataire,Nm,Nm,suf,Xat,NA,X,simple,des2as
r8163,deylicat,l171184,dey,Nm,Nm,suf,Xat,NA,X,simple,des2as
r8164,deylicat,l171184,dey,Nm,Nm,suf,Xicat,NA,X,simple,des2as
r8171,diaconat,l171336,diacre,Nm,Nm,suf,Xat,NA,X,simple,des2as
r8223,dictatorat,l171789,dictateur,Nm,Nm,suf,Xat,NA,X,simple,des2as
r8224,dictatoriat,l171789,dictateur,Nm,Nm,suf,Xiat,NA,X,simple,des2as
r8229,dictionnariat,l171798,dictionnaire,Nm,Nm,suf,Xat,NA,X,simple,des2as
r8231,dictorat,l171795,dicter,Nm,V,suf,Xorat,NA,X,simple,des2as
r8267,dignitariat,l172154,dignitaire,Nm,Nm,suf,Xat,NA,X,simple,des2as
r8334,directeurat,l172775,directeur,Nm,Nm,suf,Xat,NA,X,simple,des2as
r8338,directorat,l172775,directeur,Nm,Nm,suf,Xat,NA,X,simple,des2as
r8339,directoriat,l172775,directeur,Nm,Nm,suf,Xat,NA,X,simple,des2as
r8343,dirigeanat,l172809,dirigeant,Nm,Nm,suf,Xat,NA,X,simple,des2as
r8347,disciplat,l172862,disciple,Nm,Nm,suf,Xat,NA,X,simple,des2as
r8354,disciplorat,l172862,disciple,Nm,Nm,suf,Xorat,NA,X,simple,des2as
r8355,discipolat,l172862,disciple,Nm,Nm,suf,Xolat,NA,X,accidentel,des2as
r8356,discipulat,l172862,disciple,Nm,Nm,suf,Xat,NA,X,simple,des2as
r8357,discipulat,l172862,disciple,Nm,Nm,suf,Xulat,NA,X,accidentel,des2as
r8525,distillat,l173303,distiller,Nm,V,conv,X,NA,X,simple,des2as
r8587,divisionnariat,l173524,divisionnaire,Nm,Nm,suf,Xat,NA,X,simple,des2as
r8609,docterat,l173884,docteur,Nm,Nm,suf,Xat,NA,X,simple,des2as
r8613,docteurat,l173884,docteur,Nm,Nm,suf,Xat,NA,X,simple,des2as
r8615,doctorat,l173884,docteur,Nm,Nm,suf,Xat,NA,X,simple,des2as
r8617,doctoriat,l173884,docteur,Nm,Nm,suf,Xiat,NA,X,simple,des2as
r8618,doctorinat,l173884,docteur,Nm,Nm,suf,Xinat,NA,X,simple,des2as
r8626,documentariat,l173918,documentaire,Nm,Nm,suf,Xat,NA,X,simple,des2as
r8637,dogat,l174024,doge,Nm,Nm,suf,Xat,NA,X,simple,des2as
r8664,domesticat,l174317,domestique,Nm,Nm,suf,Xat,NA,X,simple,des2as
r8675,dominat,l184297,empereur,Nm,Nm,suf,Xat,NA,X,simple,des2as
r8786,doyannat,l175414,doyen,Nm,Nm,suf,Xat,NA,X,simple,des2as
r8787,doyennat,l175414,doyen,Nm,Nm,suf,Xat,NA,X,simple,des2as
r8788,doyénat,l175414,doyen,Nm,Nm,suf,Xat,NA,X,simple,des2as
r8836,drogmanat,l175781,drogman,Nm,Nm,suf,Xat,NA,X,simple,des2as
r8849,dromadariat,l175845,dromada,Nm,Nm,suf,Xariat,NA,X,simple,des2as
r8858,druidicat,l175981,druide,Nm,Nm,suf,Xicat,NA,X,motiv-sem,des2as
r8870,ducat,l176149,duc,Nm,Nm,suf,Xat,NA,X,simple,des2as
r8876,duodécemvirat,l176389,duodécemvir,Nm,Nm,suf,Xat,NA,X,simple,des2as
r8912,duumvirat,l176647,duumvir,Nm,Nm,suf,Xat,NA,X,simple,des2as
r9010,débat,l177020,débattre,Nm,V,conv,X,conv,X,simple,NA
r9161,débutanat,l177347,débutant,Nm,Nm,suf,Xat,NA,X,simple,des2as
r9206,décanat,l175414,doyen,Nm,Nm,suf,Xat,NA,X,simple,des2as
r9265,décemvirat,l177702,décemvir,Nm,Nm,suf,Xat,NA,X,simple,des2as
r9589,décurionat,l178544,décurion,Nm,Nm,suf,Xat,NA,X,simple,des2as
r9646,défensorat,l178748,défenseur,Nm,Nm,suf,Xat,NA,X,simple,des2as
r10030,démissionnariat,l179910,démissionnaire,Nm,Adj,suf,Xat,NA,X,simple,des2as
r10317,dépositariat,l180716,dépositaire,Nm,Nm,suf,Xat,NA,X,simple,des2as
r10388,députanat,l180878,député,Nm,Nm,suf,Xanat,NA,X,simple,des2as
r10389,députat,l180878,député,Nm,Nm,suf,Xat,NA,X,simple,des2as
r10391,députorat,l180878,député,Nm,Nm,suf,Xorat,NA,X,simple,des2as
r10802,détectivat,l182462,détective,Nm,Nm,suf,Xat,NA,X,simple,des2as
r12201,entraînariat,l186572,entraîneur,Nm,Nm,suf,Xat,NA,X,simple,des2as
r12207,entraîneuriat,l186572,entraîneur,Nm,Nm,suf,Xiat,NA,X,simple,des2as
r12209,entraînorat,l186572,entraîneur,Nm,Nm,suf,Xat,NA,X,simple,des2as
r12236,entreprenariat,l186929,entrepreneur,Nm,Nm,suf,Xat,NA,X,simple,des2as
r12237,entreprenerat,l186929,entrepreneur,Nm,Nm,suf,Xat,NA,X,simple,des2as
r12243,entrepreneurariat,l186929,entrepreneur,Nm,Nm,suf,Xariat,NA,X,simple,des2as
r12244,entrepreneurat,l186929,entrepreneur,Nm,Nm,suf,Xat,NA,X,simple,des2as
r12245,entrepreneuriat,l186929,entrepreneur,Nm,Nm,suf,Xiat,NA,X,simple,des2as
r12246,entrepreneutariat,l186929,entrepreneur,Nm,Nm,suf,Xariat,NA,X,simple,des2as
r12247,entreprenorat,l186929,entrepreneur,Nm,Nm,suf,Xat,NA,X,simple,des2as
r12248,entreprenoriat,l186929,entrepreneur,Nm,Nm,suf,Xiat,NA,X,simple,des2as
r12417,esclavariat,l187925,esclave,Nm,Nm,suf,Xariat,NA,X,simple,des2as
r12418,esclavat,l187925,esclave,Nm,Nm,suf,Xat,NA,X,simple,des2as
r12453,espionnariat,l188356,espion,Nm,Nm,suf,Xariat,NA,X,simple,des2as
r12454,espionnat,l188356,espion,Nm,Nm,suf,Xat,NA,X,simple,des2as
r12539,ethnarcat,l189282,ethnarque,Nm,Nm,suf,Xat,NA,X,simple,des2as
r12567,eunuchat,l189537,eunuque,Nm,Nm,suf,Xat,NA,X,simple,des2as
r12615,exarchat,l189982,exarque,Nm,Nm,suf,Xat,NA,X,simple,des2as
r12711,exorcistat,l190395,exorciste,Nm,Nm,suf,Xat,NA,X,simple,des2as
r12727,expertorat,l190471,expert,Nm,Nm,suf,Xorat,NA,X,simple,des2as
r12801,expéditionnariat,l190640,expéditionnaire,Nm,Nm,suf,Xat,NA,X,simple,des2as
r12812,exsudat,l190681,exsuder,Nm,V,conv,X,NA,X,simple,des2as
r12829,externat,l190726,externe,Nm,Nm,suf,Xat,NA,X,simple,des2as
r12862,extraordinariat,l190868,extraordinaire,Nm,Nm,suf,Xat,NA,X,simple,des2as
r12886,exécutanat,l191031,exécutant,Nm,Nm,suf,Xat,NA,X,simple,des2as
r12935,factorat,l191307,facteur,Nm,Nm,suf,Xat,NA,X,simple,des2as
r12936,factoriat,l191307,facteur,Nm,Nm,suf,Xat,NA,X,simple,des2as
r12978,fakirat,l191616,fakir,Nm,Nm,suf,Xat,NA,X,simple,des2as
r12991,famulat,l333494,serviteur,Nm,Nm,suf,Xat,NA,X,simple,des2as
r12996,fanariat,l191852,fan,Nm,Nm,suf,Xariat,NA,X,simple,des2as
r12997,fanaticat,l191852,fan,Nm,Nm,suf,Xaticat,NA,X,complexe,des2as
r12998,fanaticat,l191864,fanatique,Nm,Adj,suf,Xat,NA,X,simple,des2as
r13018,fanorat,l191852,fan,Nm,Nm,suf,Xorat,NA,X,simple,des2as
r13026,fanzinat,l191994,fanzine,Nm,Nf,suf,Xat,NA,X,simple,des2as
r13032,faquirat,l191616,fakir,Nm,Nm,suf,Xat,NA,X,simple,des2as
r13124,faussariat,l192554,faussaire,Nm,Nm,suf,Xat,NA,X,simple,des2as
r13170,feld-maréchalat,l382959,feld-maréchal,Nm,Nm,suf,Xat,NA,X,simple,des2as
r13338,fidéicommissariat,l194037,fidéicommissaire,Nm,Nm,suf,Xat,NA,X,simple,des2as
r13339,fidélat,l194026,fidèle,Nm,Adj,suf,Xat,NA,X,simple,des2as
r13340,fidélat,l194028,fidèle,Nm,Nm,suf,Xat,NA,X,simple,des2as
r13363,figuranat,l194184,figurant,Nm,Nm,suf,Xat,NA,X,simple,des2as
r13401,filiarcat,l194292,filiarque,Nm,Nm,suf,Xat,NA,X,simple,des2as
r13433,filtrat,l194442,filtrer,Nm,V,conv,X,NA,X,simple,des2as
r13529,flaminat,l194999,flamine,Nm,Nm,suf,Xat,NA,X,simple,des2as
r13531,flaminicat,l195008,flaminique,Nm,Nf,suf,Xat,NA,X,simple,des2as
r13574,flicanat,l195481,flic,Nm,Nm,suf,Xanat,NA,X,simple,des2as
r13575,flicariat,l195481,flic,Nm,Nm,suf,Xariat,NA,X,simple,des2as
r13576,flicat,l195481,flic,Nm,Nm,suf,Xat,NA,X,simple,des2as
r13724,fonctionnairat,l196441,fonctionnaire,Nm,Nm,suf,Xat,NA,X,simple,des2as
r13726,fonctionnairiat,l196441,fonctionnaire,Nm,Nm,suf,Xiat,NA,X,simple,des2as
r13728,fonctionnarat,l196441,fonctionnaire,Nm,Nm,suf,Xat,NA,X,simple,des2as
r13729,fonctionnariat,l196441,fonctionnaire,Nm,Nm,suf,Xat,NA,X,simple,des2as
r13734,fonctionnorat,l196441,fonctionnaire,Nm,Nm,suf,Xat,NA,X,accidentel,des2as
r13743,fondatoriat,l196485,fondateur,Nm,Nm,suf,Xiat,NA,X,simple,des2as
r13805,format,l197098,formater,Nm,V,conv,X,conv,X,simple,NA
r13806,format,l197117,former,Nm,V,conv,X,NA,X,simple,des2as
r14034,franginat,l198772,frangin,Nm,Nm,suf,Xat,NA,X,simple,des2as
r14072,frelat,l199112,frelater,Nm,V,conv,X,conv,X,simple,NA
r14314,féat,l200966,fée,Nm,Nf,suf,Xat,NA,X,simple,des2as
r14338,féminariat,l193033,femme,Nm,Nf,suf,Xariat,NA,X,simple,des2as
r14339,féminat,l193033,femme,Nm,Nf,suf,Xat,NA,X,simple,des2as
r14467,gangstariat,l202403,gangster,Nm,Nm,suf,Xiat,NA,X,simple,des2as
r14469,gangstérat,l202403,gangster,Nm,Nm,suf,Xat,NA,X,simple,des2as
r14470,gangstériat,l202403,gangster,Nm,Nm,suf,Xiat,NA,X,simple,des2as
r14479,gaonat,l202485,gaon,Nm,Nm,suf,Xat,NA,X,simple,des2as
r14501,gardianat,l202691,gardien,Nm,Nm,suf,Xat,NA,X,simple,des2as
r14503,gardiennat,l202691,gardien,Nm,Nm,suf,Xat,NA,X,simple,des2as
r14556,gauchariat,l203237,gaucher,Nm,Nm,suf,Xiat,NA,X,simple,des2as
r14584,gauleiterat,l203361,gauleiter,Nm,Nm,suf,Xat,NA,X,simple,des2as
r14624,geekariat,l203698,geek,Nm,Nm,suf,Xariat,NA,X,simple,des2as
r14661,gentlemanat,l204109,gentleman,Nm,Nm,suf,Xat,NA,X,simple,des2as
r14707,gestionnariat,l204523,gestionnaire,Nm,Nm,suf,Xat,NA,X,simple,des2as
r14780,gladiatorat,l205551,gladiateur,Nm,Nm,suf,Xat,NA,X,simple,des2as
r14781,gladiatoriat,l205551,gladiateur,Nm,Nm,suf,Xat,NA,X,simple,des2as
r14983,gonfaloniérat,l206889,gonfalonier,Nm,Nm,suf,Xat,NA,X,simple,des2as
r15068,gourouat,l207691,gourou,Nm,Nm,suf,Xat,NA,X,simple,des2as
r15078,gouvernariat,l207816,gouverneur,Nm,Nm,suf,Xat,NA,X,simple,des2as
r15081,gouvernatorat,l207816,gouverneur,Nm,Nm,suf,Xat,NA,X,simple,des2as
r15082,gouvernatoriat,l207816,gouverneur,Nm,Nm,suf,Xat,NA,X,simple,des2as
r15087,gouvernerat,l207816,gouverneur,Nm,Nm,suf,Xat,NA,X,simple,des2as
r15094,gouverneurat,l207816,gouverneur,Nm,Nm,suf,Xat,NA,X,simple,des2as
r15095,gouverneuriat,l207816,gouverneur,Nm,Nm,suf,Xiat,NA,X,simple,des2as
r15097,gouvernorat,l207816,gouverneur,Nm,Nm,suf,Xat,NA,X,simple,des2as
r15098,gouvernoriat,l207816,gouverneur,Nm,Nm,suf,Xat,NA,X,simple,des2as
r15110,grabatariat,l207979,grabataire,Nm,Nm,suf,Xat,NA,X,simple,des2as
r15145,grand chambellanat,l382985,grand chambellan,Nm,Nm,suf,Xat,NA,X,simple,des2as
r15146,grand paternat,l208390,grand-père,Nm,Nm,suf,Xat,NA,X,simple,des2as
r15147,grand pensionnariat,l382986,grand pensionnaire,Nm,Nm,suf,Xat,NA,X,simple,des2as
r15148,grand vicariat,l382988,grand vicaire,Nm,Nm,suf,Xat,NA,X,simple,des2as
r15149,grand-camériarat,l382984,grand camérier,Nm,Nm,suf,Xat,NA,X,simple,des2as
r15150,grand-ducat,l208340,grand-duc,Nm,Nm,suf,Xat,NA,X,simple,des2as
r15151,grand-principat,l208386,grand-prince,Nm,Nm,suf,Xat,NA,X,simple,des2as
r15152,grand-pérat,l208390,grand-père,Nm,Nm,suf,Xat,NA,X,simple,des2as
r15153,grand-rabbinat,l382987,grand rabbin,Nm,Nm,suf,Xat,NA,X,simple,des2as
r15154,grand-vicairat,l382989,grand vicaire ,Nm,Nm,suf,Xat,NA,X,simple,des2as
r15155,grand-vizirat,l382990,grand vizir,Nm,Nm,suf,Xat,NA,X,simple,des2as
r15174,granulat,l208719,granuler,Nm,V,conv,X,NA,X,simple,des2as
r15184,graphiat,l156587,comte,Nm,Nm,suf,Xat,NA,X,simple,des2as
r15185,graphiat,l208758,graphe,Nm,Nm,suf,Xiat,NA,X,simple,des2as
r15502,grégariat,l210414,grégaire,Nm,Adj,suf,Xat,NA,X,simple,des2as
r15520,guardianat,l202691,gardien,Nm,Nm,suf,Xat,NA,X,simple,des2as
r15522,gubernatorat,l207816,gouverneur,Nm,Nm,suf,Xat,NA,X,simple,des2as
r15523,gubernatoriat,l207816,gouverneur,Nm,Nm,suf,Xat,NA,X,simple,des2as
r15555,guignolat,l211051,guignol,Nm,Nm,suf,Xat,NA,X,simple,des2as
r15619,gymnasiarchat,l211787,gymnasiarque,Nm,Nm,suf,Xat,NA,X,simple,des2as
r15667,génitariat,l212235,génie,Nm,Nm,suf,Xariat,NA,X,simple,des2as
r15670,génitorat,l212264,géniteur,Nm,Nm,suf,Xat,NA,X,simple,des2as
r15677,généralat,l212338,général,Nm,Nm,suf,Xat,NA,X,simple,des2as
r15678,généraliat,l212338,général,Nm,Nm,suf,Xiat,NA,X,simple,des2as
r15680,généralissimat,l212350,généralissime,Nm,Nm,suf,Xat,NA,X,simple,des2as
r15743,habitanat,l212881,habitant,Nm,Nm,suf,Xat,NA,X,simple,des2as
r15744,habitat,l212886,habiter,Nm,V,conv,X,NA,X,simple,des2as
r15870,hebdomadariat,l214855,hebdomadaire,Nm,Adj,suf,Xat,NA,X,simple,des2as
r15873,heimatlosat,l214990,heimatlos,Nm,Nm,suf,Xat,NA,X,simple,des2as
r15935,hetmanat,l215779,hetman,Nm,Nm,suf,Xat,NA,X,simple,des2as
r15952,higouménat,l216064,higoumène,Nm,Nm,suf,Xat,NA,X,simple,des2as
r16003,hiérodiaconat,l216584,hiérodiacre,Nm,Nm,suf,Xat,NA,X,simple,des2as
r16009,hiérophantat,l216625,hiérophante,Nm,Nm,suf,Xat,NA,X,simple,des2as
r16020,hollandat,l37872,Hollande,Nm,Npm,suf,Xat,NA,X,simple,des2as
r16053,homonymat,l217131,homonyme,Nm,Adj,suf,Xat,NA,X,simple,des2as
r16054,homonymat,l217132,homonyme,Nm,Nm,suf,Xat,NA,X,simple,des2as
r16084,honorariat,l383007,honoraire,Nm,Nm,suf,Xat,NA,X,simple,des2as
r16117,hospodarat,l217678,hospodar,Nm,Nm,suf,Xat,NA,X,simple,des2as
r16118,hospodariat,l217678,hospodar,Nm,Nm,suf,Xat,NA,X,simple,des2as
r16119,hospodorat,l217678,hospodar,Nm,Nm,suf,Xat,NA,X,simple,des2as
r16168,huissariat,l218290,huissier,Nm,Nm,suf,Xat,NA,X,simple,des2as
r16169,huisseriat,l218290,huissier,Nm,Nm,suf,Xat,NA,X,simple,des2as
r16397,hyènissariat,l220144,hyène,Nm,Nf,suf,Xissariat,NA,X,accidentel,des2as
r16476,héroïnat,l221007,héroïne,Nm,Nf,suf,Xat,NA,X,simple,des2as
r16482,héréditariat,l221027,héréditaire,Nm,Adj,suf,Xat,NA,X,simple,des2as
r16488,hétaïrat,l221078,hétaïre,Nm,Nf,suf,Xat,NA,X,simple,des2as
r16499,hétéronymat,l221223,hétéronyme,Nm,Adj,suf,Xat,NA,X,simple,des2as
r16500,hétéronymat,l221224,hétéronyme,Nm,Nm,suf,Xat,NA,X,simple,des2as
r16511,hôtessariat,l221341,hôtesse,Nm,Nf,suf,Xariat,NA,X,simple,des2as
r16605,illustrat,l222240,illustre,Nm,Nm,suf,Xat,NA,X,simple,des2as
r16632,imamat,l222357,imam,Nm,Nm,suf,Xat,NA,X,simple,des2as
r16633,imanat,l222360,iman,Nm,Nm,suf,Xat,NA,X,simple,des2as
r16743,imprésariat,l223049,imprésario,Nm,Nm,suf,Xat,NA,X,simple,des2as
r16750,impératorat,l223135,impérator,Nm,Nm,suf,Xat,NA,X,simple,des2as
r16751,impératoriat,l223135,impérator,Nm,Nm,suf,Xiat,NA,X,simple,des2as
r16752,impératricat,l223140,impératrice,Nm,Nf,suf,Xat,NA,X,simple,des2as
r16753,impérialat,l184297,empereur,Nm,Nm,suf,Xalat,NA,X,motiv-sem,des2as
r16759,impétranat,l223168,impétrant,Nm,Nm,suf,Xat,NA,X,simple,des2as
r16774,incanat,l223441,inca,Nm,Nm,suf,Xat,NA,X,simple,des2as
r16831,incubat,l223906,incube,Nm,Nm,suf,Xat,NA,X,simple,des2as
r16858,indicatorat,l224023,indicateur,Nm,Nm,suf,Xat,NA,X,simple,des2as
r16859,indicatoriat,l224023,indicateur,Nm,Nm,suf,Xiat,NA,X,simple,des2as
r16868,indigénat,l224099,indigène,Nm,Nm,suf,Xat,NA,X,simple,des2as
r16890,infantat,l224651,infante,Nm,Nf,suf,Xat,NA,X,simple,des2as
r16896,infiltrat,l224716,infiltrer,Nm,V,conv,X,NA,X,simple,des2as
r16902,infirmariat,l224756,infirmier,Nm,Nm,suf,Xat,NA,X,simple,des2as
r16913,infirmiérat,l224756,infirmier,Nm,Nm,suf,Xat,NA,X,simple,des2as
r16914,infirmorat,l224756,infirmier,Nm,Nm,suf,Xat,NA,X,simple,des2as
r16959,ingénieurat,l225103,ingénieur,Nm,Nm,suf,Xat,NA,X,simple,des2as
r16960,ingénieuriat,l225103,ingénieur,Nm,Nm,suf,Xat,NA,X,simple,des2as
r16961,ingéniorat,l225103,ingénieur,Nm,Nm,suf,Xat,NA,X,simple,des2as
r16962,ingénioriat,l225103,ingénieur,Nm,Nm,suf,Xat,NA,X,simple,des2as
r16963,ingéniérat,l225103,ingénieur,Nm,Nm,suf,Xat,NA,X,simple,des2as
r17051,inspectorat,l225676,inspecteur,Nm,Nm,suf,Xat,NA,X,simple,des2as
r17052,inspectoriat,l225676,inspecteur,Nm,Nm,suf,Xiat,NA,X,simple,des2as
r17096,institutorat,l225753,instituteur,Nm,Nm,suf,Xat,NA,X,simple,des2as
r17105,instructorat,l225772,instructeur,Nm,Nm,suf,Xat,NA,X,simple,des2as
r17106,instructoriat,l225772,instructeur,Nm,Nm,suf,Xat,NA,X,simple,des2as
r17119,insulariat,l225826,insulaire,Nm,Adj,suf,Xat,NA,X,simple,des2as
r17120,insulariat,l225828,insulaire,Nm,Nm,suf,Xat,NA,X,simple,des2as
r17149,intellectuellariat,l225930,intellectuel,Nm,Nm,suf,Xariat,NA,X,simple,des2as
r17150,intellectuellat,l225930,intellectuel,Nm,Nm,suf,Xat,NA,X,simple,des2as
r17213,intermittanat,l226253,intermittent,Nm,Nm,suf,Xat,NA,X,simple,des2as
r17216,intermédariat,l226270,intermédiaire,Nm,Nm,suf,Xat,NA,X,simple,des2as
r17217,intermédiairat,l226270,intermédiaire,Nm,Nm,suf,Xat,NA,X,simple,des2as
r17218,intermédiairiat,l226270,intermédiaire,Nm,Nm,suf,Xat,NA,X,simple,des2as
r17219,intermédiarat,l226270,intermédiaire,Nm,Nm,suf,Xat,NA,X,simple,des2as
r17220,intermédiariat,l226270,intermédiaire,Nm,Nm,suf,Xat,NA,X,simple,des2as
r17222,internat,l226305,interne,Nm,Nm,suf,Xat,NA,X,simple,des2as
r17224,internautariat,l226298,internaute,Nm,Nm,suf,Xariat,NA,X,simple,des2as
r17225,internautat,l226298,internaute,Nm,Nm,suf,Xat,NA,X,simple,des2as
r17228,internautorat,l226298,internaute,Nm,Nm,suf,Xorat,NA,X,simple,des2as
r17252,interprétariat,l226383,interprète,Nm,Nm,suf,Xariat,NA,X,simple,des2as
r17345,intérimariat,l226889,intérimaire,Nm,Nm,suf,Xat,NA,X,simple,des2as
r17346,intérimat,l226886,intérim,Nm,Nm,suf,Xat,NA,X,simple,des2as
r17450,isolat,l227985,isoler,Nm,V,conv,X,NA,X,simple,des2as
r17557,janissariat,l228965,janissaire,Nm,Nm,suf,Xat,NA,X,simple,des2as
r17697,jospinat,l40004,Jospin,Nm,Npm,suf,Xat,NA,X,simple,des2as
r17714,jouorat,l230290,joueur,Nm,Nm,suf,Xat,NA,X,simple,des2as
r17730,jubilariat,l230526,jubilaire,Nm,Adj,suf,Xat,NA,X,simple,des2as
r17734,judicat,l230650,juge,Nm,Nm,suf,Xat,NA,X,simple,des2as
r17739,judicatorat,l230650,juge,Nm,Nm,suf,Xat,NA,X,simple,des2as
r17745,jugeariat,l230650,juge,Nm,Nm,suf,Xariat,NA,X,simple,des2as
r17770,juniorat,l229733,jeune,Nm,Nm,suf,Xat,NA,X,simple,des2as
r17773,junioriat,l229733,jeune,Nm,Nm,suf,Xiat,NA,X,simple,des2as
r17774,junioriat,l230930,junior,Nm,Nm,suf,Xiat,NA,X,simple,des2as
r17789,juridicat,l230650,juge,Nm,Nm,suf,Xat,NA,X,simple,des2as
r17809,juvénat,l229733,jeune,Nm,Nm,suf,Xat,NA,X,simple,des2as
r17820,kaiserat,l231478,kaiser,Nm,Nm,suf,Xat,NA,X,simple,des2as
r17824,kamikazat,l231599,kamikaze,Nm,Nm,suf,Xat,NA,X,simple,des2as
r17825,kamikaziat,l231599,kamikaze,Nm,Nm,suf,Xiat,NA,X,simple,des2as
r17827,kanat,l231622,kan,Nm,Nm,suf,Xat,NA,X,simple,des2as
r17839,khalifat,l232224,khalife,Nm,Nm,suf,Xat,NA,X,simple,des2as
r17840,khammessat,l232232,khammess,Nm,Nm,suf,Xat,NA,X,simple,des2as
r17841,khanat,l232237,khan,Nm,Nm,suf,Xat,NA,X,simple,des2as
r17843,khédivat,l232316,khédive,Nm,Nm,suf,Xat,NA,X,simple,des2as
r17844,khédiviat,l232316,khédive,Nm,Nm,suf,Xiat,NA,X,simple,des2as
r17930,lamanat,l234604,lamane,Nm,Nm,suf,Xat,NA,X,simple,des2as
r17985,landgravat,l235127,landgrave,Nm,Nm,suf,Xat,NA,X,simple,des2as
r17986,landgraviat,l235127,landgrave,Nm,Nm,suf,Xiat,NA,X,simple,des2as
r17988,landsassiat,l383045,landsasse,Nm,Nm,suf,Xiat,NA,X,simple,des2as
r18020,lapidariat,l235791,lapidaire,Nm,Nm,suf,Xat,NA,X,simple,des2as
r18035,larbinat,l235937,larbin,Nm,Nm,suf,Xat,NA,X,simple,des2as
r18104,laïcat,l237151,laïc,Nm,Nm,suf,Xat,NA,X,simple,des2as
r18108,leadariat,l237206,leader,Nm,Nm,suf,Xariat,NA,X,simple,des2as
r18109,leadariat,l237206,leader,Nm,Nm,suf,Xiat,NA,X,simple,des2as
r18110,leaderariat,l237206,leader,Nm,Nm,suf,Xariat,NA,X,simple,des2as
r18111,leaderat,l237206,leader,Nm,Nm,suf,Xat,NA,X,simple,des2as
r18112,leaderiat,l237206,leader,Nm,Nm,suf,Xiat,NA,X,simple,des2as
r18113,leadeurat,l237206,leader,Nm,Nm,suf,Xat,NA,X,simple,des2as
r18114,leadorat,l237206,leader,Nm,Nm,suf,Xat,NA,X,simple,des2as
r18115,leadorat,l237206,leader,Nm,Nm,suf,Xorat,NA,X,simple,des2as
r18116,leadoriat,l237206,leader,Nm,Nm,suf,Xiat,NA,X,simple,des2as
r18117,leadoriat,l237206,leader,Nm,Nm,suf,Xoriat,NA,X,simple,des2as
r18122,lecteurat,l237274,lecteur,Nm,Nm,suf,Xat,NA,X,simple,des2as
r18124,lectorat,l237274,lecteur,Nm,Nm,suf,Xat,NA,X,simple,des2as
r18125,lectoriat,l237274,lecteur,Nm,Nm,suf,Xiat,NA,X,simple,des2as
r18213,libertinat,l92917,affranchi,Nm,Nm,suf,Xat,NA,X,simple,des2as
r18218,librariat,l238479,libraire,Nm,Nm,suf,Xat,NA,X,simple,des2as
r18426,locatariat,l240366,locataire,Nm,Nm,suf,Xat,NA,X,simple,des2as
r18584,lupercat,l242948,luperque,Nm,Nm,suf,Xat,NA,X,simple,des2as
r18674,légionnariat,l243836,légionnaire,Nm,Nm,suf,Xat,NA,X,simple,des2as
r18703,lévirat,l382832,beau-frère +,Nm,Nm,suf,Xat,NA,X,simple,des2as
r18705,lévitat,l244235,lévite,Nm,Nm,suf,Xat,NA,X,simple,des2as
r18722,machinariat,l244559,machine,Nm,Nf,suf,Xariat,NA,X,simple,des2as
r18745,macmahonat,l383056,Mac Mahon,Nm,Npx,suf,Xat,NA,X,simple,des2as
r18788,magistrariat,l245138,magistrat,Nm,Nm,suf,Xat,NA,X,simple,des2as
r18789,magistrat,l251603,maître,Nm,Nm,suf,Xat,NA,X,simple,des2as
r18790,magistérat,l245133,magister,Nm,Nm,suf,Xat,NA,X,simple,des2as
r18791,magistérat,l251603,maître,Nm,Nm,suf,Xat,NA,X,simple,des2as
r18850,mairariat,l245783,maire,Nm,Nm,suf,Xariat,NA,X,simple,des2as
r18851,mairat,l245783,maire,Nm,Nm,suf,Xat,NA,X,simple,des2as
r18854,majoralat,l245953,majoral,Nm,Nm,suf,Xat,NA,X,simple,des2as
r18855,majorat,l113242,aîné,Nm,Nm,suf,Xat,NA,X,simple,des2as
r18856,majorat,l245783,maire,Nm,Nm,suf,Xat,NA,X,simple,des2as
r18859,majordomat,l245966,majordome,Nm,Nm,suf,Xat,NA,X,simple,des2as
r18862,majoritariat,l245972,majoritaire,Nm,Adj,suf,Xat,NA,X,simple,des2as
r18906,mameloukat,l246854,mamelouk,Nm,Nm,suf,Xat,NA,X,simple,des2as
r18907,mamelukat,l246859,mameluk,Nm,Nm,suf,Xat,NA,X,simple,des2as
r18916,manageariat,l246950,manager,Nm,Nm,suf,Xariat,NA,X,simple,des2as
r18917,manageariat,l246950,manager,Nm,Nm,suf,Xiat,NA,X,simple,des2as
r18919,manageorat,l246950,manager,Nm,Nm,suf,Xat,NA,X,simple,des2as
r18920,managerat,l246950,manager,Nm,Nm,suf,Xat,NA,X,simple,des2as
r18921,managérat,l246950,manager,Nm,Nm,suf,Xat,NA,X,simple,des2as
r18922,managériat,l246950,manager,Nm,Nm,suf,Xiat,NA,X,simple,des2as
r18929,mandarinat,l247102,mandarin,Nm,Nm,suf,Xat,NA,X,simple,des2as
r18935,mandatariat,l247117,mandataire,Nm,Nm,suf,Xat,NA,X,simple,des2as
r18991,mannequinariat,l247518,mannequin,Nm,Nm,suf,Xariat,NA,X,simple,des2as
r18992,mannequinat,l247518,mannequin,Nm,Nm,suf,Xat,NA,X,simple,des2as
r19035,maquignonnat,l247924,maquignon,Nm,Nm,suf,Xat,NA,X,simple,des2as
r19044,maquisariat,l247939,maquisard,Nm,Nm,suf,Xiat,NA,X,simple,des2as
r19097,marginaliat,l248646,marginal,Nm,Nm,suf,Xiat,NA,X,simple,des2as
r19100,margoulinat,l248707,margoulin,Nm,Nm,suf,Xat,NA,X,simple,des2as
r19101,margravat,l248712,margrave,Nm,Nm,suf,Xat,NA,X,simple,des2as
r19102,margraviat,l248712,margrave,Nm,Nm,suf,Xiat,NA,X,simple,des2as
r19130,marmitonnat,l249161,marmiton,Nm,Nm,suf,Xat,NA,X,simple,des2as
r19178,marquisanat,l249409,marquis,Nm,Nm,suf,Xanat,NA,X,simple,des2as
r19179,marquisat,l249409,marquis,Nm,Nm,suf,Xat,NA,X,simple,des2as
r19181,marquisiat,l249409,marquis,Nm,Nm,suf,Xiat,NA,X,simple,des2as
r19183,marrainat,l249445,marraine,Nm,Nf,suf,Xat,NA,X,simple,des2as
r19189,marshallat,l383068,marshall,Nm,Nm,suf,Xat,NA,X,simple,des2as
r19205,martyrat,l249873,martyr,Nm,Nm,suf,Xat,NA,X,simple,des2as
r19206,martyriat,l249873,martyr,Nm,Nm,suf,Xiat,NA,X,simple,des2as
r19217,maréchalat,l249990,maréchal,Nm,Nm,suf,Xat,NA,X,simple,des2as
r19258,mastorat,l250425,master,Nm,Nm,suf,Xat,NA,X,simple,des2as
r19265,mastérat,l250425,master,Nm,Nm,suf,Xat,NA,X,simple,des2as
r19275,maternariat,l263549,mère,Nm,Nf,suf,Xariat,NA,X,simple,des2as
r19276,maternat,l263549,mère,Nm,Nf,suf,Xat,NA,X,simple,des2as
r19284,matignonat,l50761,Matignon,Nm,Npx,suf,Xat,NA,X,simple,des2as
r19290,matonnat,l250719,maton,Nm,Nm,suf,Xat,NA,X,simple,des2as
r19296,matriarcat,l250764,matriarche,Nm,Nf,suf,Xat,NA,X,simple,des2as
r19297,matriarchat,l250764,matriarche,Nm,Nf,suf,Xat,NA,X,simple,des2as
r19299,matriciat,l250767,matrice,Nm,Nf,suf,Xiat,NA,X,simple,des2as
r19304,matronat,l250799,matrone,Nm,Nf,suf,Xat,NA,X,simple,des2as
r19306,matronymat,l250804,matronyme,Nm,Nm,suf,Xat,NA,X,simple,des2as
r19334,mayorat,l251347,mayeur,Nm,Nm,suf,Xat,NA,X,simple,des2as
r19349,maîtrisat,l251619,maîtrise,Nm,Nf,suf,Xat,NA,X,simple,des2as
r19353,maïorat,l251631,maïeur,Nm,Nm,suf,Xat,NA,X,simple,des2as
r19355,mectorat,l251723,mec,Nm,Nm,suf,Xorat,NA,X,simple,des2as
r19361,membrariat,l252060,membre,Nm,Nm,suf,Xariat,NA,X,simple,des2as
r19367,menariat,l252186,meneur,Nm,Nm,suf,Xat,NA,X,simple,des2as
r19376,menorat,l252186,meneur,Nm,Nm,suf,Xat,NA,X,simple,des2as
r19383,mensuelat,l256217,mois,Nm,Nm,suf,Xelat,NA,X,motiv-sem,des2as
r19401,mentorat,l252348,mentor,Nm,Nm,suf,Xat,NA,X,simple,des2as
r19402,mentoriat,l252348,mentor,Nm,Nm,suf,Xiat,NA,X,simple,des2as
r19409,mercenairariat,l252433,mercenaire,Nm,Nm,suf,Xariat,NA,X,simple,des2as
r19410,mercenairat,l252433,mercenaire,Nm,Nm,suf,Xat,NA,X,simple,des2as
r19412,mercenairiat,l252433,mercenaire,Nm,Nm,suf,Xiat,NA,X,simple,des2as
r19413,mercenariat,l252433,mercenaire,Nm,Nm,suf,Xat,NA,X,simple,des2as
r19501,microentrepreneuriat,l253818,microentrepreneur,Nm,Nm,suf,Xat,NA,X,simple,des2as
r19559,militairiat,l254334,militaire,Nm,Nm,suf,Xiat,NA,X,simple,des2as
r19560,militanat,l254339,militant,Nm,Nm,suf,Xat,NA,X,simple,des2as
r19564,militarat,l254334,militaire,Nm,Nm,suf,Xat,NA,X,simple,des2as
r19565,militariat,l254332,militaire,Nm,Adj,suf,Xat,NA,X,simple,des2as
r19566,militariat,l254334,militaire,Nm,Nm,suf,Xat,NA,X,simple,des2as
r19575,milliardariat,l254454,milliardaire,Nm,Nm,suf,Xat,NA,X,simple,des2as
r19578,millionnairat,l254506,millionnaire,Nm,Nm,suf,Xat,NA,X,simple,des2as
r19582,millionnariat,l254506,millionnaire,Nm,Nm,suf,Xat,NA,X,simple,des2as
r19585,millénariat,l254560,millénaire,Nm,Nm,suf,Xat,NA,X,simple,des2as
r19620,ministariat,l254913,ministre,Nm,Nm,suf,Xariat,NA,X,simple,des2as
r19621,ministorat,l254913,ministre,Nm,Nm,suf,Xorat,NA,X,simple,des2as
r19622,ministrat,l254913,ministre,Nm,Nm,suf,Xat,NA,X,simple,des2as
r19623,ministriat,l254913,ministre,Nm,Nm,suf,Xiat,NA,X,simple,des2as
r19624,ministériat,l254913,ministre,Nm,Nm,suf,Xériat,NA,X,motiv-sem,des2as
r19627,minorat,l254766,mineur,Nm,Nm,suf,Xat,NA,X,simple,des2as
r19634,minoritariat,l254978,minoritaire,Nm,Adj,suf,Xat,NA,X,simple,des2as
r19642,minutat,l255027,minute,Nm,Nf,suf,Xat,NA,X,simple,des2as
r19685,missionnariat,l255460,missionnaire,Nm,Nm,suf,Xat,NA,X,simple,des2as
r19754,modélat,l255984,modèle,Nm,Nm,suf,Xat,NA,X,simple,des2as
r19765,modératorat,l256016,modérateur,Nm,Nm,suf,Xat,NA,X,simple,des2as
r19803,mollahriat,l256496,mollah,Nm,Nm,suf,Xariat,NA,X,simple,des2as
r19804,mollariat,l256496,mollah,Nm,Nm,suf,Xariat,NA,X,simple,des2as
r19816,monacat,l256158,moine,Nm,Nm,suf,Xat,NA,X,simple,des2as
r19817,monachat,l256158,moine,Nm,Nm,suf,Xat,NA,X,simple,des2as
r19821,monarcat,l256791,monarque,Nm,Nm,suf,Xat,NA,X,simple,des2as
r19822,monarchat,l256791,monarque,Nm,Nm,suf,Xat,NA,X,simple,des2as
r19837,monitariat,l257182,moniteur,Nm,Nm,suf,Xat,NA,X,simple,des2as
r19838,moniterat,l257182,moniteur,Nm,Nm,suf,Xat,NA,X,simple,des2as
r19843,monitorat,l257182,moniteur,Nm,Nm,suf,Xat,NA,X,simple,des2as
r19844,monitoriat,l257182,moniteur,Nm,Nm,suf,Xiat,NA,X,simple,des2as
r19878,monopolat,l257589,monopole,Nm,Nm,suf,Xat,NA,X,simple,des2as
r19901,monseigneurat,l257780,monseigneur,Nm,Nm,suf,Xat,NA,X,simple,des2as
r19902,monseignorat,l257780,monseigneur,Nm,Nm,suf,Xat,NA,X,simple,des2as
r19903,monsignorat,l257789,monsignore,Nm,Nm,suf,Xat,NA,X,simple,des2as
r19927,monétariat,l257220,monnaie,Nm,Nf,suf,Xariat,NA,X,simple,des2as
r20021,motariat,l260779,motard,Nm,Nm,suf,Xiat,NA,X,simple,des2as
r20101,mousquetariat,l261410,mousquetaire,Nm,Nm,suf,Xat,NA,X,simple,des2as
r20119,moutonnat,l261604,mouton,Nm,Nm,suf,Xat,NA,X,simple,des2as
r20132,muchirat,l383093,muchir,Nm,Nm,suf,Xat,NA,X,simple,des2as
r20134,muezzinat,l261946,muezzin,Nm,Nm,suf,Xat,NA,X,simple,des2as
r20162,municipat,l152100,citoyen,Nm,Nm,suf,Xat,NA,X,simple,des2as
r20163,municipat,l245783,maire,Nm,Nm,suf,Xat,NA,X,simple,des2as
r20170,muphtiat,l262450,muphti,Nm,Nm,suf,Xat,NA,X,simple,des2as
r20221,musulmanat,l262892,musulman,Nm,Nm,suf,Xat,NA,X,simple,des2as
r20323,mécénariat,l263719,mécène,Nm,Nm,suf,Xariat,NA,X,simple,des2as
r20324,mécénat,l263719,mécène,Nm,Nm,suf,Xat,NA,X,simple,des2as
r20332,médecinat,l263761,médecin,Nm,Nm,suf,Xat,NA,X,simple,des2as
r20334,médiatariat,l263777,média,Nm,Nm,suf,Xariat,NA,X,simple,des2as
r20342,médiatorat,l263806,médiateur,Nm,Nm,suf,Xat,NA,X,simple,des2as
r20385,mégérat,l264214,mégère,Nm,Nf,suf,Xat,NA,X,simple,des2as
r20402,méliorat,l251842,meilleur,Nm,Nm,suf,Xat,NA,X,simple,des2as
r20444,méritariat,l264901,mérite,Nm,Nm,suf,Xariat,NA,X,simple,des2as
r20448,méritorat,l264901,mérite,Nm,Nm,suf,Xorat,NA,X,simple,des2as
r20449,mérétricat,l162815,courtisane,Nm,Nf,suf,Xat,NA,X,simple,des2as
r20450,mérétricat,l264990,mérétrice,Nm,Nf,suf,Xat,NA,X,simple,des2as
r20530,métécat,l265704,métèque,Nm,Nm,suf,Xat,NA,X,simple,des2as
r20552,nababat,l265955,nabab,Nm,Nm,suf,Xat,NA,X,simple,des2as
r20654,nazirat,l267271,nazir,Nm,Nm,suf,Xat,NA,X,simple,des2as
r20772,nobilat,l268959,noble,Nm,Nm,suf,Xat,NA,X,simple,des2as
r20775,nobiliat,l268959,noble,Nm,Nm,suf,Xiat,NA,X,simple,des2as
r20840,non-titulariat,l383111,non-titulaire,Nm,Nm,suf,Xat,NA,X,simple,des2as
r20842,nonagénariat,l269531,nonagénaire,Nm,Nm,suf,Xat,NA,X,simple,des2as
r20868,notabilat,l270022,notable,Nm,Nm,suf,Xat,NA,X,simple,des2as
r20869,notabiliat,l270022,notable,Nm,Nm,suf,Xiat,NA,X,simple,des2as
r20873,notairat,l270027,notaire,Nm,Nm,suf,Xat,NA,X,simple,des2as
r20874,notairiat,l270027,notaire,Nm,Nm,suf,Xat,NA,X,simple,des2as
r20875,notarat,l270027,notaire,Nm,Nm,suf,Xat,NA,X,simple,des2as
r20876,notariat,l270027,notaire,Nm,Nm,suf,Xat,NA,X,simple,des2as
r20914,nourriciat,l270230,nourrice,Nm,Nf,suf,Xiat,NA,X,simple,des2as
r20924,nourrissonnat,l270244,nourrisson,Nm,Nm,suf,Xat,NA,X,simple,des2as
r20925,nourriçat,l270230,nourrice,Nm,Nf,suf,Xat,NA,X,simple,des2as
r20940,noviciat,l270409,novice,Nm,Nm,suf,Xiat,NA,X,simple,des2as
r20941,noviçat,l270409,novice,Nm,Nm,suf,Xat,NA,X,simple,des2as
r20992,nutriciat,l270230,nourrice,Nm,Nf,suf,Xiat,NA,X,simple,des2as
r21037,négrariat,l271072,nègre,Nm,Nm,suf,Xariat,NA,X,simple,des2as
r21039,négriat,l271072,nègre,Nm,Nm,suf,Xiat,NA,X,simple,des2as
r21045,néocorat,l271644,néocore,Nm,Nm,suf,Xat,NA,X,simple,des2as
r21056,néphilimat,l383100,néphilim,Nm,Nm,suf,Xat,NA,X,simple,des2as
r21067,népotat,l268034,neveu,Nm,Nm,suf,Xat,NA,X,simple,des2as
r21096,oblationnat,l272347,oblat,Nm,Nm,suf,Xionat,NA,X,motiv-sem,des2as
r21176,octogénariat,l272870,octogénaire,Nm,Nm,suf,Xat,NA,X,simple,des2as
r21192,odaliscat,l272980,odalisque,Nm,Nf,suf,Xat,NA,X,simple,des2as
r21193,odalisquat,l272980,odalisque,Nm,Nf,suf,Xat,NA,X,simple,des2as
r21229,officialat,l273195,official,Nm,Nm,suf,Xat,NA,X,simple,des2as
r21231,officianat,l273202,officiant,Nm,Nm,suf,Xat,NA,X,simple,des2as
r21232,officiarat,l273211,officier,Nm,Nm,suf,Xat,NA,X,simple,des2as
r21407,oratorat,l274949,orateur,Nm,Nm,suf,Xat,NA,X,simple,des2as
r21514,orphelinat,l275817,orphelin,Nm,Nm,suf,Xat,NA,X,simple,des2as
r21578,ostiariat,l293184,portier,Nm,Nm,suf,Xat,NA,X,simple,des2as
r21658,ouvriérat,l277266,ouvrier,Nm,Nm,suf,Xat,NA,X,simple,des2as
r21700,pachalat,l277790,pacha,Nm,Nm,suf,Xat,NA,X,simple,des2as
r21701,pachalicat,l277790,pacha,Nm,Nm,suf,Xicat,NA,X,simple,des2as
r21769,paladinat,l278282,paladin,Nm,Nm,suf,Xat,NA,X,simple,des2as
r21924,papat,l279665,pape,Nm,Nm,suf,Xat,NA,X,simple,des2as
r22040,parasitariat,l280281,parasite,Nm,Nm,suf,Xariat,NA,X,simple,des2as
r22041,parasitat,l280281,parasite,Nm,Nm,suf,Xat,NA,X,simple,des2as
r22073,parentat,l280555,parent,Nm,Nm,suf,Xat,NA,X,simple,des2as
r22104,paritariat,l280737,paritaire,Nm,Adj,suf,Xat,NA,X,simple,des2as
r22119,parlementariat,l280788,parlementaire,Nm,Nm,suf,Xat,NA,X,simple,des2as
r22165,parrainat,l281019,parrain,Nm,Nm,suf,Xat,NA,X,simple,des2as
r22172,partenairariat,l281082,partenaire,Nm,Nm,suf,Xariat,NA,X,simple,des2as
r22173,partenairat,l281082,partenaire,Nm,Nm,suf,Xat,NA,X,simple,des2as
r22174,partenairiat,l281082,partenaire,Nm,Nm,suf,Xat,NA,X,simple,des2as
r22175,partenariat,l281082,partenaire,Nm,Nm,suf,Xat,NA,X,simple,des2as
r22191,partisanat,l281161,partisan,Nm,Adj,suf,Xat,NA,X,simple,des2as
r22261,pastorat,l281633,pasteur,Nm,Nm,suf,Xat,NA,X,simple,des2as
r22262,pastoriat,l281633,pasteur,Nm,Nm,suf,Xat,NA,X,simple,des2as
r22294,paternariat,l300608,père,Nm,Nm,suf,Xariat,NA,X,simple,des2as
r22295,paternat,l300608,père,Nm,Nm,suf,Xat,NA,X,simple,des2as
r22326,patriarcat,l281941,patriarche,Nm,Nm,suf,Xat,NA,X,simple,des2as
r22327,patricianat,l281950,patricien,Nm,Nm,suf,Xat,NA,X,simple,des2as
r22328,patriciat,l281943,patrice,Nm,Nm,suf,Xat,NA,X,simple,des2as
r22330,patriciennat,l281950,patricien,Nm,Nm,suf,Xat,NA,X,simple,des2as
r22340,patronariat,l282017,patron,Nm,Nm,suf,Xariat,NA,X,simple,des2as
r22341,patronat,l282017,patron,Nm,Nm,suf,Xat,NA,X,simple,des2as
r22344,patronnariat,l282017,patron,Nm,Nm,suf,Xariat,NA,X,simple,des2as
r22386,paysannat,l282381,paysan,Nm,Nm,suf,Xat,NA,X,simple,des2as
r22494,pensionnairat,l283064,pensionnaire,Nm,Nm,suf,Xat,NA,X,simple,des2as
r22497,pensionnariat,l283064,pensionnaire,Nm,Nm,suf,Xat,NA,X,simple,des2as
r22504,pentarchat,l283151,pentarque,Nm,Nm,suf,Xat,NA,X,simple,des2as
r22509,peopleariat,l283242,people,Nm,Nm,suf,Xariat,NA,X,simple,des2as
r22527,perceptorat,l283326,percepteur,Nm,Nm,suf,Xat,NA,X,simple,des2as
r22561,perfectissimat,l283499,perfectissime,Nm,Nm,suf,Xat,NA,X,simple,des2as
r22629,personnat,l283964,personne,Nm,Nf,suf,Xat,NA,X,simple,des2as
r22706,pharaonat,l284824,pharaon,Nm,Nm,suf,Xat,NA,X,simple,des2as
r22734,philosophat,l285078,philosophe,Nm,Nm,suf,Xat,NA,X,simple,des2as
r23011,pilotariat,l286947,pilote,Nm,Nm,suf,Xariat,NA,X,simple,des2as
r23077,pionnariat,l287281,pion,Nm,Nm,suf,Xariat,NA,X,simple,des2as
r23078,pionnariat,l287308,pionnier,Nm,Nm,suf,Xat,NA,X,simple,des2as
r23079,pionnat,l287281,pion,Nm,Nm,suf,Xat,NA,X,simple,des2as
r23080,pionnicat,l287281,pion,Nm,Nm,suf,Xicat,NA,X,simple,des2as
r23128,piratariat,l287534,pirate,Nm,Nm,suf,Xariat,NA,X,simple,des2as
r23141,pissat,l287707,pisser,Nm,V,conv,X,NA,X,simple,des2as
r23256,plagiat,l288239,plagier,Nm,V,conv,X,NA,X,simple,des2as
r23483,plébanat,l290049,pléban,Nm,Nm,suf,Xat,NA,X,simple,des2as
r23486,plébéianat,l290074,plébéien,Nm,Nm,suf,Xat,NA,X,simple,des2as
r23490,plénipotentiariat,l290133,plénipotentiaire,Nm,Nm,suf,Xat,NA,X,simple,des2as
r23519,podestariat,l290383,podestat,Nm,Nm,suf,Xariat,NA,X,simple,des2as
r23632,poliçariat,l290998,policier,Nm,Nm,suf,Xiat,NA,X,simple,des2as
r23721,pompariat,l291957,pompier,Nm,Nm,suf,Xat,NA,X,simple,des2as
r23763,pontifat,l279665,pape,Nm,Nm,suf,Xat,NA,X,simple,des2as
r23765,pontifiat,l279665,pape,Nm,Nm,suf,Xat,NA,X,simple,des2as
r23766,pontificat,l279665,pape,Nm,Nm,suf,Xat,NA,X,simple,des2as
r23767,pontificat,l292379,pontife,Nm,Nm,suf,Xicat,NA,X,simple,des2as
r23768,pontificiat,l279665,pape,Nm,Nm,suf,Xiat,NA,X,simple,des2as
r23784,populariat,l284446,peuple,Nm,Nm,suf,Xariat,NA,X,simple,des2as
r23796,porfiriat,l26048,Diaz,Nm,Npm,suf,Xat,NA,X,simple,des2as
r23825,portiorat,l293184,portier,Nm,Nm,suf,Xat,NA,X,simple,des2as
r23881,posthumat,l293544,posthume,Nm,Adj,suf,Xat,NA,X,simple,des2as
r23903,postulanat,l293637,postulant,Nm,Nm,suf,Xat,NA,X,simple,des2as
r23905,postulat,l293643,postuler,Nm,V,conv,X,NA,X,simple,des2as
r23915,potariat,l293729,pote,Nm,Nm,suf,Xariat,NA,X,simple,des2as
r23922,potentat,l299508,puissant,Nm,Adj,suf,Xat,NA,X,simple,des2as
r23987,pouponnat,l294218,poupon,Nm,Nm,suf,Xat,NA,X,simple,des2as
r24043,poétariat,l294577,poète,Nm,Nm,suf,Xariat,NA,X,simple,des2as
r24064,presbytariat,l298687,prêtre,Nm,Nm,suf,Xariat,NA,X,simple,des2as
r24065,presbytérat,l298687,prêtre,Nm,Nm,suf,Xat,NA,X,simple,des2as
r24066,presbytérat,l98805,ancien,Nm,Nm,suf,Xat,NA,X,accidentel,des2as
r24067,presbytériat,l298687,prêtre,Nm,Nm,suf,Xiat,NA,X,motiv-sem,des2as
r24068,presbytériat,l98805,ancien,Nm,Nm,suf,Xiat,NA,X,accidentel,des2as
r24105,prieurat,l295219,prieur,Nm,Nm,suf,Xat,NA,X,simple,des2as
r24112,primatiat,l295257,primat,Nm,Nm,suf,Xiat,NA,X,simple,des2as
r24117,primiciérat,l295297,primicier,Nm,Nm,suf,Xat,NA,X,simple,des2as
r24118,primicériat,l295297,primicier,Nm,Nm,suf,Xat,NA,X,simple,des2as
r24119,primipilat,l295309,primipile,Nm,Nm,suf,Xat,NA,X,simple,des2as
r24120,primissariat,l295311,primissier,Nm,Nm,suf,Xat,NA,X,simple,des2as
r24123,princessariat,l295358,princesse,Nm,Nf,suf,Xariat,NA,X,simple,des2as
r24125,princiat,l295345,prince,Nm,Nm,suf,Xiat,NA,X,simple,des2as
r24126,principalat,l295371,principal,Nm,Nm,suf,Xat,NA,X,simple,des2as
r24127,principat,l184297,empereur,Nm,Nm,suf,Xat,NA,X,simple,des2as
r24128,principat,l295345,prince,Nm,Nm,suf,Xat,NA,X,simple,des2as
r24130,principiat,l184297,empereur,Nm,Nm,suf,Xiat,NA,X,simple,des2as
r24133,priorat,l295219,prieur,Nm,Nm,suf,Xat,NA,X,simple,des2as
r24189,proconsulat,l295723,proconsul,Nm,Nm,suf,Xat,NA,X,simple,des2as
r24207,procuratorat,l295766,procurateur,Nm,Nm,suf,Xat,NA,X,simple,des2as
r24208,procuratorat,l295778,procureur,Nm,Nm,suf,Xat,NA,X,simple,des2as
r24209,procuratoriat,l295778,procureur,Nm,Nm,suf,Xiat,NA,X,simple,des2as
r24219,productariat,l295828,producteur,Nm,Nm,suf,Xat,NA,X,simple,des2as
r24231,productorat,l295828,producteur,Nm,Nm,suf,Xat,NA,X,simple,des2as
r24232,productoriat,l295828,producteur,Nm,Nm,suf,Xiat,NA,X,simple,des2as
r24242,professariat,l295876,professeur,Nm,Nm,suf,Xiat,NA,X,simple,des2as
r24243,professat,l295945,profès,Nm,Nm,suf,Xat,NA,X,simple,des2as
r24244,professerat,l295876,professeur,Nm,Nm,suf,Xat,NA,X,simple,des2as
r24252,professeurat,l295876,professeur,Nm,Nm,suf,Xat,NA,X,simple,des2as
r24254,professeuriat,l295876,professeur,Nm,Nm,suf,Xiat,NA,X,simple,des2as
r24259,professorat,l295876,professeur,Nm,Nm,suf,Xat,NA,X,simple,des2as
r24261,professoriat,l295876,professeur,Nm,Nm,suf,Xiat,NA,X,simple,des2as
r24269,profitariat,l295912,profit,Nm,Nm,suf,Xariat,NA,X,simple,des2as
r24270,profitariat,l295920,profiteur,Nm,Nm,suf,Xat,NA,X,simple,des2as
r24275,profiteurat,l295920,profiteur,Nm,Nm,suf,Xat,NA,X,simple,des2as
r24277,profitorat,l295920,profiteur,Nm,Nm,suf,Xat,NA,X,simple,des2as
r24308,projetariat,l296043,projeteur,Nm,Nm,suf,Xat,NA,X,simple,des2as
r24323,prolotariat,l296078,prolo,Nm,Nm,suf,Xariat,NA,X,simple,des2as
r24325,prolétairat,l296102,prolétaire,Nm,Nm,suf,Xat,NA,X,simple,des2as
r24326,prolétairiat,l296102,prolétaire,Nm,Nm,suf,Xat,NA,X,simple,des2as
r24327,prolétariat,l296102,prolétaire,Nm,Nm,suf,Xat,NA,X,simple,des2as
r24343,promotorat,l296147,promoteur,Nm,Nm,suf,Xat,NA,X,simple,des2as
r24344,promotoriat,l296147,promoteur,Nm,Nm,suf,Xiat,NA,X,simple,des2as
r24379,prophétariat,l296288,prophète,Nm,Nm,suf,Xariat,NA,X,simple,des2as
r24380,prophétat,l296288,prophète,Nm,Nm,suf,Xat,NA,X,simple,des2as
r24386,prophétorat,l296288,prophète,Nm,Nm,suf,Xorat,NA,X,simple,des2as
r24401,propriétariat,l296370,propriétaire,Nm,Nm,suf,Xat,NA,X,simple,des2as
r24408,prorectorat,l383194,pro-recteur,Nm,Nm,suf,Xat,NA,X,simple,des2as
r24419,prosectorat,l296445,prosecteur,Nm,Nm,suf,Xat,NA,X,simple,des2as
r24437,prospectoriat,l296489,prospecteur,Nm,Nm,suf,Xiat,NA,X,simple,des2as
r24454,protecterat,l296586,protecteur,Nm,Nm,suf,Xat,NA,X,simple,des2as
r24465,protectorat,l296586,protecteur,Nm,Nm,suf,Xat,NA,X,simple,des2as
r24477,proto-médicat,l296661,proto-médecin,Nm,Nm,pre-suf,protoXicat,NA,X,simple,des2as
r24478,proto-médicat,l296661,proto-médecin,Nm,Nm,suf,Xat,NA,X,simple,des2as
r24481,protodiaconat,l296709,protodiacre,Nm,Nm,suf,Xat,NA,X,simple,des2as
r24483,protonotariat,l296740,protonotaire,Nm,Nm,suf,Xat,NA,X,simple,des2as
r24488,protopresbytérat,l296763,protoprêtre,Nm,Nm,suf,Xat,NA,X,simple,des2as
r24489,protospathariat,l296770,protospathaire,Nm,Nm,suf,Xat,NA,X,simple,des2as
r24509,provincialat,l296992,provincial,Nm,Nm,suf,Xat,NA,X,simple,des2as
r24510,provincialiat,l296992,provincial,Nm,Nm,suf,Xat,NA,X,simple,des2as
r24518,provisorat,l297008,proviseur,Nm,Nm,suf,Xat,NA,X,simple,des2as
r24525,provotariat,l297023,provo,Nm,Nm,suf,Xariat,NA,X,simple,des2as
r24527,provéditorat,l297040,provéditeur,Nm,Nm,suf,Xat,NA,X,simple,des2as
r24528,proxénétat,l297055,proxénète,Nm,Nm,suf,Xat,NA,X,simple,des2as
r24530,proédrat,l297063,proèdre,Nm,Nm,suf,Xat,NA,X,simple,des2as
r24533,prudhomat,l383196,prud'homme,Nm,Nm,suf,Xat,NA,X,simple,des2as
r24548,prytanat,l297218,prytane,Nm,Nm,suf,Xat,NA,X,simple,des2as
r24569,précariat,l297480,précaire,Nm,Nm,suf,Xat,NA,X,simple,des2as
r24574,préceptorat,l297521,précepteur,Nm,Nm,suf,Xat,NA,X,simple,des2as
r24575,préceptoriat,l297521,précepteur,Nm,Nm,suf,Xiat,NA,X,simple,des2as
r24607,prédatoriat,l297715,prédateur,Nm,Nm,suf,Xat,NA,X,simple,des2as
r24612,prédicanat,l297750,prédicant,Nm,Nm,suf,Xat,NA,X,simple,des2as
r24613,prédicat,l297773,prédiquer,Nm,V,conv,X,NA,X,simple,des2as
r24623,prédicatorat,l297753,prédicateur,Nm,Nm,suf,Xat,NA,X,simple,des2as
r24650,préfectorat,l297864,préfet,Nm,Nm,suf,Xorat,NA,X,simple,des2as
r24712,préparatorat,l298194,préparateur,Nm,Nm,suf,Xat,NA,X,simple,des2as
r24716,prépositat,l298632,prévôt,Nm,Nm,suf,Xat,NA,X,simple,des2as
r24752,présidanat,l298385,président,Nm,Nm,suf,Xat,NA,X,simple,des2as
r24763,présulat,l381298,évêque,Nm,Nm,suf,Xat,NA,X,simple,des2as
r24779,prétorat,l298503,préteur,Nm,Nm,suf,Xat,NA,X,simple,des2as
r24780,prétoriat,l298503,préteur,Nm,Nm,suf,Xiat,NA,X,simple,des2as
r24809,prêtrariat,l298687,prêtre,Nm,Nm,suf,Xariat,NA,X,simple,des2as
r24818,psalmistat,l298721,psalmiste,Nm,Nm,suf,Xat,NA,X,simple,des2as
r24824,pseudonymat,l298857,pseudonyme,Nm,Nm,suf,Xat,NA,X,simple,des2as
r24887,publicanat,l299247,publicain,Nm,Nm,suf,Xat,NA,X,simple,des2as
r24986,putanat,l299931,putain,Nm,Nf,suf,Xat,NA,X,simple,des2as
r24988,putariat,l299950,pute,Nm,Nf,suf,Xariat,NA,X,simple,des2as
r25052,péchorat,l302066,pêcheur,Nm,Nm,suf,Xat,NA,X,simple,des2as
r25097,pédotribat,l300888,pédotribe,Nm,Nm,suf,Xat,NA,X,simple,des2as
r25098,pédégeariat,l60021,PDG,Nm,Nm,suf,Xariat,NA,X,simple,des2as
r25099,pédégeat,l60021,PDG,Nm,Nm,suf,Xat,NA,X,simple,des2as
r25101,pédégérat,l60021,PDG,Nm,Nm,suf,Xat,NA,X,simple,des2as
r25212,pétrolariat,l301938,pétrole,Nm,Nm,suf,Xariat,NA,X,simple,des2as
r25213,pétrolariat,l301945,pétrolier,Nm,Nm,suf,Xat,NA,X,simple,des2as
r25240,quadragénariat,l302170,quadragénaire,Nm,Nm,suf,Xat,NA,X,simple,des2as
r25281,quarantenariat,l302457,quarantenaire,Nm,Nm,suf,Xat,NA,X,simple,des2as
r25302,quattuorvirat,l302736,quattuorvir,Nm,Nm,suf,Xat,NA,X,simple,des2as
r25303,queenat,l302760,queen,Nm,Nf,suf,Xat,NA,X,simple,des2as
r25314,questionnariat,l302974,questionnaire,Nm,Nm,suf,Xat,NA,X,simple,des2as
r25337,quindécemvirat,l303257,quindécemvir,Nm,Nm,suf,Xat,NA,X,simple,des2as
r25343,quinquagénariat,l303301,quinquagénaire,Nm,Nm,suf,Xat,NA,X,simple,des2as
r25345,quinquevirat,l303322,quinquevir,Nm,Nm,suf,Xat,NA,X,simple,des2as
r25353,quinzainat,l303458,quinzaine,Nm,Nf,suf,Xat,NA,X,simple,des2as
r25362,quotidiennat,l303589,quotidien,Nm,Adj,suf,Xat,NA,X,simple,des2as
r25384,rabat,l303763,rabattre,Nm,V,conv,X,NA,X,simple,des2as
r25385,rabat,l303763,rabattre,Nm,V,conv,X,conv,X,simple,NA
r25396,rabbinat,l303768,rabbin,Nm,Nm,suf,Xat,NA,X,simple,des2as
r25477,rachat,l303981,racheter,Nm,V,conv,X,NA,X,simple,des2as
r25878,rat,l305869,rater,Nm,V,conv,X,conv,X,simple,NA
r26172,rectorat,l307860,recteur,Nm,Nm,suf,Xat,NA,X,simple,des2as
r26173,rectoriat,l307860,recteur,Nm,Nm,suf,Xiat,NA,X,simple,des2as
r26293,registrariat,l309308,registraire,Nm,Nm,suf,Xat,NA,X,simple,des2as
r26304,regrat,l309421,regratter,Nm,V,conv,X,NA,X,simple,des2as
r26458,remplaçanat,l310605,remplaçant,Nm,Nm,suf,Xat,NA,X,simple,des2as
r26611,renégat,l311002,renier,Nm,V,conv,X,NA,X,simple,des2as
r26679,repreneuriat,l311814,repreneur,Nm,Nm,suf,Xiat,NA,X,simple,des2as
r26717,requinat,l312095,requin,Nm,Nm,suf,Xat,NA,X,simple,des2as
r26956,rhingraviat,l314078,rhingrave,Nm,Nm,suf,Xiat,NA,X,simple,des2as
r27125,robotariat,l315671,robot,Nm,Nm,suf,Xariat,NA,X,simple,des2as
r27507,réactionnairiat,l319261,réactionnaire,Nm,Adj,suf,Xat,NA,X,simple,des2as
r27508,réactionnairiat,l319263,réactionnaire,Nm,Nm,suf,Xat,NA,X,simple,des2as
r27509,réactionnariat,l319261,réactionnaire,Nm,Adj,suf,Xat,NA,X,simple,des2as
r27510,réactionnariat,l319263,réactionnaire,Nm,Nm,suf,Xat,NA,X,simple,des2as
r27570,réceptorat,l307064,receveur,Nm,Nm,suf,Xat,NA,X,simple,des2as
r27662,rédactorat,l320071,rédacteur,Nm,Nm,suf,Xat,NA,X,simple,des2as
r27726,réfractariat,l320656,réfractaire,Nm,Nm,suf,Xat,NA,X,simple,des2as
r27756,référendariat,l320709,référendaire,Nm,Nm,suf,Xat,NA,X,simple,des2as
r27768,régendat,l320756,régent,Nm,Nm,suf,Xat,NA,X,simple,des2as
r27770,régentat,l320756,régent,Nm,Nm,suf,Xat,NA,X,simple,des2as
r27777,régissariat,l320812,régisseur,Nm,Nm,suf,Xat,NA,X,simple,des2as
r27961,répétitorat,l321608,répétiteur,Nm,Nm,suf,Xat,NA,X,simple,des2as
r27982,résidanat,l321660,résident,Nm,Nm,suf,Xat,NA,X,simple,des2as
r28009,résultat,l321789,résulter,Nm,V,conv,X,NA,X,simple,des2as
r28122,révolutionnariat,l322185,révolutionnaire,Nm,Adj,suf,Xat,NA,X,simple,des2as
r28123,révolutionnariat,l322187,révolutionnaire,Nm,Nm,suf,Xat,NA,X,simple,des2as
r28241,sacerdotat,l298687,prêtre,Nm,Nm,suf,Xat,NA,X,simple,des2as
r28258,sacristanat,l322951,sacristain,Nm,Nm,suf,Xat,NA,X,simple,des2as
r28336,salopariat,l327624,salope,Nm,Nf,suf,Xariat,NA,X,simple,des2as
r28381,sangiacat,l328324,sangiac,Nm,Nm,suf,Xat,NA,X,simple,des2as
r28445,sarkonnat,l75336,Sarko,Nm,Npm,suf,Xat,NA,X,simple,des2as
r28447,sarkozynat,l75339,Sarkozy,Nm,Npm,suf,Xat,NA,X,simple,des2as
r28479,satrapat,l329565,satrape,Nm,Nm,suf,Xat,NA,X,simple,des2as
r28574,scabinat,l375901,échevin,Nm,Nm,suf,Xat,NA,X,simple,des2as
r28619,scholariat,l376287,écolier,Nm,Nm,suf,Xariat,NA,X,simple,des2as
r28652,scolariat,l376281,école,Nm,Nf,suf,Xariat,NA,X,motiv-sem,des2as
r28653,scolariat,l376281,école,Nm,Nf,suf,Xariat,NA,X,simple,des2as
r28656,scolasticat,l331389,scolastique,Nm,Nm,suf,Xat,NA,X,simple,des2as
r28666,scribariat,l331584,scribe,Nm,Nm,suf,Xariat,NA,X,simple,des2as
r28667,scribat,l331584,scribe,Nm,Nm,suf,Xat,NA,X,simple,des2as
r28674,scriptorat,l331618,scriptor,Nm,Nm,suf,Xat,NA,X,simple,des2as
r28700,sdfariat,l69121,SDF,Nm,Nm,suf,Xariat,NA,X,simple,des2as
r28705,secondariat,l331826,secondaire,Nm,Nm,suf,Xat,NA,X,simple,des2as
r28722,secrétairariat,l331879,secrétaire,Nm,Nm,suf,Xariat,NA,X,simple,des2as
r28723,secrétairat,l331879,secrétaire,Nm,Nm,suf,Xat,NA,X,simple,des2as
r28726,secrétairiat,l331879,secrétaire,Nm,Nm,suf,Xat,NA,X,simple,des2as
r28727,secrétariat,l331879,secrétaire,Nm,Nm,suf,Xat,NA,X,simple,des2as
r28731,sectariat,l331892,sectaire,Nm,Adj,suf,Xat,NA,X,simple,des2as
r28745,seigneurat,l332012,seigneur,Nm,Nm,suf,Xat,NA,X,simple,des2as
r28746,seigneuriat,l332012,seigneur,Nm,Nm,suf,Xiat,NA,X,simple,des2as
r28747,seignorat,l332012,seigneur,Nm,Nm,suf,Xat,NA,X,simple,des2as
r28748,seignorat,l332012,seigneur,Nm,Nm,suf,Xorat, NA,X,simple,des2as
r28757,semainat,l332192,semaine,Nm,Nf,suf,Xat,NA,X,simple,des2as
r28762,semanat,l332192,semaine,Nm,Nf,suf,Xat,NA,X,simple,des2as
r28765,semestrat,l332238,semestre,Nm,Nm,suf,Xat,NA,X,simple,des2as
r28766,semestriat,l332238,semestre,Nm,Nm,suf,Xiat,NA,X,simple,des2as
r28772,semi-prolétariat,l383228,semi-prolétaire,Nm,Nm,suf,Xat,NA,X,simple,des2as
r28795,septemvirat,l332872,septemvir,Nm,Nm,suf,Xat,NA,X,simple,des2as
r28800,septuagénariat,l332948,septuagénaire,Nm,Nm,suf,Xat,NA,X,simple,des2as
r28871,servitorat,l333494,serviteur,Nm,Nm,suf,Xat,NA,X,simple,des2as
r28885,sexagénariat,l333681,sexagénaire,Nm,Nm,suf,Xat,NA,X,simple,des2as
r28892,sexvirat,l333797,sexvir,Nm,Nm,suf,Xat,NA,X,simple,des2as
r28913,shogounat,l334117,shogoun,Nm,Nm,suf,Xat,NA,X,simple,des2as
r28914,shogunat,l334120,shogun,Nm,Nm,suf,Xat,NA,X,simple,des2as
r28920,shérifariat,l334186,shérif,Nm,Nm,suf,Xariat,NA,X,simple,des2as
r28921,shérifat,l334186,shérif,Nm,Nm,suf,Xat,NA,X,simple,des2as
r28928,sicariat,l334276,sicaire,Nm,Nm,suf,Xat,NA,X,simple,des2as
r29054,sirdariat,l335305,sirdar,Nm,Nm,suf,Xat,NA,X,simple,des2as
r29096,smicariat,l335811,smicard,Nm,Nm,suf,Xat,NA,X,simple,des2as
r29106,snobinat,l335890,snob,Nm,Nm,suf,Xinat,NA,X,simple,des2as
r29131,sociétariat,l336097,sociétaire,Nm,Nm,suf,Xat,NA,X,simple,des2as
r29132,sociétorat,l336097,sociétaire,Nm,Nm,suf,Xat,NA,X,simple,des2as
r29180,solitariat,l336532,solitaire,Nm,Nm,suf,Xat,NA,X,simple,des2as
r29290,sororat,l345995,sœur,Nm,Nf,suf,Xat,NA,X,simple,des2as
r29312,soudanat,l337514,soudan,Nm,Nm,suf,Xat,NA,X,simple,des2as
r29424,sous-bibliothécariat,l338155,sous-bibliothécaire,Nm,Nm,suf,Xat,NA,X,simple,des2as
r29426,sous-chefat,l338189,sous-chef,Nm,Nm,suf,Xat,NA,X,simple,des2as
r29427,sous-cheffariat,l338189,sous-chef,Nm,Nm,suf,Xariat,NA,X,simple,des2as
r29428,sous-chefiat,l338189,sous-chef,Nm,Nm,suf,Xiat,NA,X,simple,des2as
r29430,sous-commissariat,l338215,sous-commissaire,Nm,Nm,suf,Xat,NA,X,simple,des2as
r29431,sous-diaconat,l338241,sous-diacre,Nm,Nm,suf,Xat,NA,X,simple,des2as
r29433,sous-directorat,l338247,sous-directeur,Nm,Nm,suf,Xat,NA,X,simple,des2as
r29434,sous-fifrat,l338307,sous-fifre,Nm,Nm,suf,Xat,NA,X,simple,des2as
r29438,sous-ministariat,l338385,sous-ministre,Nm,Nm,suf,Xariat,NA,X,simple,des2as
r29439,sous-ministérat,l338385,sous-ministre,Nm,Nm,suf,Xat,NA,X,motiv-sem,des2as
r29440,sous-ministériat,l338385,sous-ministre,Nm,Nm,suf,Xiat,NA,X,complexe,des2as
r29443,sous-priorat,l338442,sous-prieur,Nm,Nm,suf,Xat,NA,X,simple,des2as
r29444,sous-prolétariat,l296104,prolétariat,Nm,Nm,pre,sousX,NA,X,simple,des2as
r29446,sous-secrétariat,l338492,sous-secrétaire,Nm,Nm,suf,Xat,NA,X,simple,des2as
r29482,spadassinat,l338855,spadassin,Nm,Nm,suf,Xat,NA,X,simple,des2as
r29500,speakerinat,l339045,speakerine,Nm,Nf,suf,Xat,NA,X,simple,des2as
r29506,spectateurat,l339057,spectateur,Nm,Nm,suf,Xat,NA,X,simple,des2as
r29507,spectatorat,l339057,spectateur,Nm,Nm,suf,Xat,NA,X,simple,des2as
r29508,spectatoriat,l339057,spectateur,Nm,Nm,suf,Xiat,NA,X,simple,des2as
r29559,sponsonariat,l339587,sponsor,Nm,Nm,suf,Xariat,NA,X,simple,des2as
r29560,sponsonnariat,l339587,sponsor,Nm,Nm,suf,Xariat,NA,X,simple,des2as
r29561,sponsorat,l339587,sponsor,Nm,Nm,suf,Xat,NA,X,simple,des2as
r29563,sponsoriat,l339587,sponsor,Nm,Nm,suf,Xiat,NA,X,simple,des2as
r29597,squat,l339841,squatter,Nm,V,conv,X,conv,X,simple,NA
r29617,stagiairiat,l339986,stagiaire,Nm,Nm,suf,Xat,NA,X,simple,des2as
r29618,stagiarat,l339986,stagiaire,Nm,Nm,suf,Xat,NA,X,simple,des2as
r29619,stagiariat,l339986,stagiaire,Nm,Nm,suf,Xat,NA,X,simple,des2as
r29632,starlettariat,l340189,starlette,Nm,Nf,suf,Xariat,NA,X,simple,des2as
r29635,starostat,l340195,staroste,Nm,Nm,suf,Xat,NA,X,simple,des2as
r29637,stathoudariat,l340218,stathouder,Nm,Nm,suf,Xariat,NA,X,simple,des2as
r29638,stathouderat,l340218,stathouder,Nm,Nm,suf,Xat,NA,X,simple,des2as
r29639,stathoudérat,l340218,stathouder,Nm,Nm,suf,Xat,NA,X,simple,des2as
r29647,statthalterat,l340265,statthalter,Nm,Nm,suf,Xat,NA,X,simple,des2as
r29648,statthaltérat,l340265,statthalter,Nm,Nm,suf,Xat,NA,X,simple,des2as
r29658,stellionat,l188089,escroc,Nm,Nm,suf,Xat,NA,X,simple,des2as
r29716,stratégat,l340855,stratège,Nm,Nm,suf,Xat,NA,X,simple,des2as
r29799,subalternariat,l341487,subalterne,Nm,Nm,suf,Xariat,NA,X,simple,des2as
r29800,subalternat,l341487,subalterne,Nm,Nm,suf,Xat,NA,X,simple,des2as
r29803,subdiaconat,l338241,sous-diacre,Nm,Nm,suf,Xat,NA,X,simple,des2as
r29872,successorat,l341876,successeur,Nm,Nm,suf,Xat,NA,X,simple,des2as
r29875,succubat,l341909,succube,Nm,Nm,suf,Xat,NA,X,simple,des2as
r29898,suffraganat,l342131,suffragant,Nm,Nm,suf,Xat,NA,X,simple,des2as
r29899,suffraganéat,l342131,suffragant,Nm,Nm,suf,Xéat,NA,X,simple,des2as
r29900,suffétat,l342141,suffète,Nm,Nm,suf,Xat,NA,X,simple,des2as
r29948,sultanat,l342414,sultan,Nm,Nm,suf,Xat,NA,X,simple,des2as
r29960,supermentorat,l383262,super-menteur,Nm,Nm,suf,Xat,NA,X,simple,des2as
r29996,supportanat,l342777,supporter,Nm,Nm,suf,Xanat,NA,X,simple,des2as
r29997,supportarat,l342777,supporter,Nm,Nm,suf,Xat,NA,X,simple,des2as
r29998,supportariat,l342777,supporter,Nm,Nm,suf,Xat,NA,X,simple,des2as
r29999,supporterariat,l342777,supporter,Nm,Nm,suf,Xariat,NA,X,simple,des2as
r30000,supporterat,l342777,supporter,Nm,Nm,suf,Xat,NA,X,simple,des2as
r30001,supporteriat,l342777,supporter,Nm,Nm,suf,Xiat,NA,X,simple,des2as
r30002,supporteuriat,l342777,supporter,Nm,Nm,suf,Xiat,NA,X,simple,des2as
r30003,supportorat,l342777,supporter,Nm,Nm,suf,Xat,NA,X,simple,des2as
r30004,supportoriat,l342777,supporter,Nm,Nm,suf,Xiat,NA,X,simple,des2as
r30005,supportérat,l342777,supporter,Nm,Nm,suf,Xat,NA,X,simple,des2as
r30028,supériorat,l342900,supérieur,Nm,Nm,suf,Xat,NA,X,simple,des2as
r30164,surnumérariat,l343553,surnuméraire,Nm,Nm,suf,Xat,NA,X,simple,des2as
r30209,surveillanat,l343821,surveillant,Nm,Nm,suf,Xat,NA,X,simple,des2as
r30279,sycophantat,l344254,sycophante,Nm,Nm,suf,Xat,NA,X,simple,des2as
r30334,syndicat,l344609,syndiquer,Nm,V,conv,X,NA,X,simple,des2as
r30335,syndicat,l344587,syndic,Nm,Nm,suf,Xat,NA,X,simple,des2as
r30348,synonymat,l344671,synonyme,Nm,Adj,suf,Xat,NA,X,simple,des2as
r30349,synonymat,l344672,synonyme,Nm,Nm,suf,Xat,NA,X,simple,des2as
r30398,sécuritariat,l345060,sécurité,Nm,Nf,suf,Xariat,NA,X,simple,des2as
r30400,sédentariat,l345069,sédentaire,Nm,Adj,suf,Xat,NA,X,simple,des2as
r30401,sédentariat,l345071,sédentaire,Nm,Nm,suf,Xat,NA,X,simple,des2as
r30420,séidat,l345215,séide,Nm,Nm,suf,Xat,NA,X,simple,des2as
r30453,sénat,l98805,ancien,Nm,Nm,suf,Xat,NA,X,accidentel,des2as
r30458,sénatorat,l345453,sénateur,Nm,Nm,suf,Xat,NA,X,simple,des2as
r30459,sénatoriat,l345453,sénateur,Nm,Nm,suf,Xiat,NA,X,simple,des2as
r30461,séniorat,l113242,aîné,Nm,Nm,suf,Xat,NA,X,simple,des2as
r30462,séniorat,l332012,seigneur,Nm,Nm,suf,Xat,NA,X,simple,des2as
r30463,séniorat,l345493,sénior,Nm,Nm,suf,Xat,NA,X,simple,des2as
r30464,sénioriat,l332012,seigneur,Nm,Nm,suf,Xiat,NA,X,simple,des2as
r30465,sénioriat,l345493,sénior,Nm,Nm,suf,Xiat,NA,X,simple,des2as
r30466,sénéchalat,l345522,sénéchal,Nm,Nm,suf,Xat,NA,X,simple,des2as
r30489,séraphinat,l345680,séraphin,Nm,Nm,suf,Xat,NA,X,simple,des2as
r30503,sévirat,l345943,sévir,Nm,Nm,suf,Xat,NA,X,simple,des2as
r30504,sœurorat,l345995,sœur,Nm,Nf,suf,Xorat,NA,X,simple,des2as
r30514,tabellionat,l346075,tabellion,Nm,Nm,suf,Xat,NA,X,simple,des2as
r30571,talapoinat,l346586,talapoin,Nm,Nm,suf,Xat,NA,X,simple,des2as
r30572,talapouinat,l346588,talapouin,Nm,Nm,suf,Xat,NA,X,simple,des2as
r30576,talibanat,l346647,taliban,Nm,Nm,suf,Xat,NA,X,simple,des2as
r30685,tapirat,l347238,tapir,Nm,Nm,suf,Xat,NA,X,simple,des2as
r30801,tavernat,l348053,taverne,Nm,Nf,suf,Xat,NA,X,simple,des2as
r30855,temporariat,l383271,temporaire,Nm,Nm,suf,Xat,NA,X,simple,des2as
r31028,thuriférariat,l350586,thuriféraire,Nm,Nm,suf,Xat,NA,X,simple,des2as
r31197,titulariat,l351960,titulaire,Nm,Nm,suf,Xat,NA,X,simple,des2as
r31279,tontonnat,l81199,Tonton,Nm,Npm,suf,Xat,NA,X,simple,des2as
r31339,tortionnariat,l352889,tortionnaire,Nm,Nm,suf,Xat,NA,X,simple,des2as
r31348,toréadoriat,l352956,toréador,Nm,Nm,suf,Xat,NA,X,simple,des2as
r31354,totalitariat,l353007,totalitaire,Nm,Adj,suf,Xat,NA,X,simple,des2as
r31518,traductorat,l354063,traducteur,Nm,Nm,suf,Xat,NA,X,simple,des2as
r31519,traductoriat,l354063,traducteur,Nm,Nm,suf,Xiat,NA,X,simple,des2as
r31618,transitariat,l354556,transitaire,Nm,Nm,suf,Xat,NA,X,simple,des2as
r31670,transsudat,l354749,transsuder,Nm,V,conv,X,NA,X,simple,des2as
r31695,travaillariat,l354927,travailleur,Nm,Nm,suf,Xiat,NA,X,simple,des2as
r31770,trentenariat,l355295,trentenaire,Nm,Nm,suf,Xat,NA,X,simple,des2as
r31801,tribunat,l355559,tribun,Nm,Nm,suf,Xat,NA,X,simple,des2as
r31804,tributariat,l355573,tributaire,Nm,Nm,suf,Xat,NA,X,simple,des2as
r31890,trimestrat,l356002,trimestre,Nm,Nm,suf,Xat,NA,X,simple,des2as
r31953,triumvirat,l356446,triumvir,Nm,Nm,suf,Xat,NA,X,simple,des2as
r31954,triumviriat,l356446,triumvir,Nm,Nm,suf,Xiat,NA,X,simple,des2as
r31965,trollariat,l356664,troll,Nm,Nm,suf,Xariat,NA,X,simple,des2as
r32016,troubadourat,l356916,troubadour,Nm,Nm,suf,Xat,NA,X,simple,des2as
r32117,trésoriérat,l357706,trésorier,Nm,Nm,suf,Xat,NA,X,simple,des2as
r32124,tsarat,l357829,tsar,Nm,Nm,suf,Xat,NA,X,simple,des2as
r32125,tsarinat,l357829,tsar,Nm,Nm,suf,Xinat,NA,X,motiv-sem,des2as
r32192,tuterat,l358541,tuteur,Nm,Nm,suf,Xat,NA,X,simple,des2as
r32198,tuteurat,l358541,tuteur,Nm,Nm,suf,Xat,NA,X,simple,des2as
r32199,tuteuriat,l358541,tuteur,Nm,Nm,suf,Xiat,NA,X,simple,des2as
r32203,tutorat,l358541,tuteur,Nm,Nm,suf,Xat,NA,X,simple,des2as
r32204,tutoriat,l358541,tuteur,Nm,Nm,suf,Xiat,NA,X,simple,des2as
r32246,tyrannat,l358785,tyran,Nm,Nm,suf,Xat,NA,X,simple,des2as
r32251,tâcheronnat,l358843,tâcheron,Nm,Nm,suf,Xat,NA,X,simple,des2as
r32335,téléspectatorat,l359253,téléspectateur,Nm,Nm,suf,Xat,NA,X,simple,des2as
r32367,tétrarcat,l359700,tétrarque,Nm,Nm,suf,Xat,NA,X,simple,des2as
r32368,tétrarchat,l359700,tétrarque,Nm,Nm,suf,Xat,NA,X,simple,des2as
r32424,universitariat,l360594,universitaire,Nm,Adj,suf,Xat,NA,X,simple,des2as
r32425,universitariat,l360599,université,Nm,Nf,suf,Xariat,NA,X,simple,des2as
r32509,vacatariat,l361435,vacataire,Nm,Nm,suf,Xat,NA,X,simple,des2as
r32577,valétariat,l362087,valet,Nm,Nm,suf,Xariat,NA,X,simple,des2as
r32583,vampirat,l362634,vampire,Nm,Nm,suf,Xat,NA,X,simple,des2as
r32585,vampiriat,l362634,vampire,Nm,Nm,suf,Xiat,NA,X,simple,des2as
r32652,vassalat,l363288,vassal,Nm,Nm,suf,Xat,NA,X,simple,des2as
r32666,vedetariat,l363777,vedette,Nm,Nf,suf,Xariat,NA,X,simple,des2as
r32667,vedettariat,l363777,vedette,Nm,Nf,suf,Xariat,NA,X,simple,des2as
r32669,vedettat,l363777,vedette,Nm,Nf,suf,Xat,NA,X,simple,des2as
r32671,vedettorat,l363777,vedette,Nm,Nf,suf,Xorat,NA,X,simple,des2as
r32705,vendettariat,l364077,vendetta,Nm,Nf,suf,Xariat,NA,X,simple,des2as
r32839,vestalat,l365414,vestale,Nm,Nf,suf,Xat,NA,X,simple,des2as
r32845,veuvat,l365453,veuf,Nm,Nm,suf,Xat,NA,X,simple,des2as
r32850,vexillariat,l365501,vexillaire,Nm,Nm,suf,Xat,NA,X,simple,des2as
r32875,vicairat,l365748,vicaire,Nm,Nm,suf,Xat,NA,X,simple,des2as
r32877,vicairiat,l365748,vicaire,Nm,Nm,suf,Xat,NA,X,simple,des2as
r32878,vicarat,l365748,vicaire,Nm,Nm,suf,Xat,NA,X,simple,des2as
r32879,vicariat,l365748,vicaire,Nm,Nm,suf,Xat,NA,X,simple,des2as
r32881,vice-amiralat,l365772,vice-amiral,Nm,Nm,suf,Xat,NA,X,simple,des2as
r32882,vice-championnat,l365779,vice-champion,Nm,Nm,suf,Xat,NA,X,simple,des2as
r32883,vice-consulat,l365783,vice-consul,Nm,Nm,suf,Xat,NA,X,simple,des2as
r32884,vice-doyennat,l383307,vice-doyen,Nm,Nm,suf,Xat,NA,X,simple,des2as
r32885,vice-décanat,l383307,vice-doyen,Nm,Nm,suf,Xat,NA,X,simple,des2as
r32886,vice-légat,l243797,légat,Nm,Nm,pre,viceX,NA,X,simple,des2as
r32888,vice-rectorat,l365800,vice-recteur,Nm,Nm,suf,Xat,NA,X,simple,des2as
r32889,vicecomitat,l365898,vicomte,Nm,Nm,suf,Xat,NA,X,simple,des2as
r32890,vicedominat,l365979,vidame,Nm,Nm,suf,Xat,NA,X,simple,des2as
r32893,vicinat,l369230,voisin,Nm,Nm,suf,Xat,NA,X,simple,des2as
r32897,victimariat,l365927,victime,Nm,Nf,suf,Xariat,NA,X,simple,des2as
r32898,victimat,l365927,victime,Nm,Nf,suf,Xat,NA,X,simple,des2as
r32913,vidorat,l366027,videur,Nm,Nm,suf,Xat,NA,X,simple,des2as
r32928,vigariat,l366563,viguier,Nm,Nm,suf,Xariat,NA,X,accidentel,des2as
r32929,vigilat,l366457,vigile,Nm,Nm,suf,Xat,NA,X,simple,des2as
r32930,vigintisexvirat,l383311,vigintisexviri,Nm,Nm,suf,Xat,NA,X,simple,des2as
r32931,vigintivirat,l366460,vigintivir,Nm,Nm,suf,Xat,NA,X,simple,des2as
r32937,viguariat,l366563,viguier,Nm,Nm,suf,Xat,NA,X,simple,des2as
r32938,viguerat,l366563,viguier,Nm,Nm,suf,Xat,NA,X,simple,des2as
r32939,vilayat,l362170,vali,Nm,Nm,suf,Xat,NA,X,simple,des2as
r32963,vingtenariat,l367971,vingtenaire,Nm,Nm,suf,Xat,NA,X,simple,des2as
r33023,viriarcat,l368324,viriarque,Nm,Nm,suf,Xat,NA,X,simple,des2as
r33049,visionnariat,l359253,téléspectateur,Nm,Nm,suf,Xariat,NA,X,simple,des2as
r33062,visitariat,l368570,visiteur,Nm,Nm,suf,Xat,NA,X,simple,des2as
r33071,visitorat,l368570,visiteur,Nm,Nm,suf,Xat,NA,X,simple,des2as
r33072,visitoriat,l368570,visiteur,Nm,Nm,suf,Xiat,NA,X,simple,des2as
r33127,vizirat,l369009,vizir,Nm,Nm,suf,Xat,NA,X,simple,des2as
r33129,viziriat,l369009,vizir,Nm,Nm,suf,Xiat,NA,X,simple,des2as
r33162,voisinat,l369230,voisin,Nm,Nm,suf,Xat,NA,X,simple,des2as
r33201,volontairariat,l369411,volontaire,Nm,Nm,suf,Xariat,NA,X,simple,des2as
r33202,volontairat,l369411,volontaire,Nm,Nm,suf,Xat,NA,X,simple,des2as
r33205,volontairiat,l369411,volontaire,Nm,Nm,suf,Xat,NA,X,simple,des2as
r33206,volontariat,l369411,volontaire,Nm,Nm,suf,Xat,NA,X,simple,des2as
r33268,voïevodat,l383317,voïevode,Nm,Nm,suf,Xat,NA,X,simple,des2as
r33269,voïvodat,l369921,voïvode,Nm,Nm,suf,Xat,NA,X,simple,des2as
r33322,vénérabilat,l370420,vénérable,Nm,Nm,suf,Xat,NA,X,simple,des2as
r33323,vénérablat,l370420,vénérable,Nm,Nm,suf,Xat,NA,X,simple,des2as
r33351,vétéranat,l370698,vétéran,Nm,Nm,suf,Xat,NA,X,simple,des2as
r33353,vétérinariat,l370704,vétérinaire,Nm,Nm,suf,Xat,NA,X,simple,des2as
r33363,webmastariat,l371486,webmaster,Nm,Nm,suf,Xariat,NA,X,simple,des2as
r33364,webmastariat,l371486,webmaster,Nm,Nm,suf,Xiat,NA,X,simple,des2as
r33365,webmasterat,l371486,webmaster,Nm,Nm,suf,Xat,NA,X,simple,des2as
r33366,webmastorat,l371486,webmaster,Nm,Nm,suf,Xat,NA,X,simple,des2as
r33367,webmastorat,l371486,webmaster,Nm,Nm,suf,Xorat,NA,X,simple,des2as
r33368,webmastoriat,l371486,webmaster,Nm,Nm,suf,Xiat,NA,X,simple,des2as
r33369,webmastoriat,l371486,webmaster,Nm,Nm,suf,Xoriat,NA,X,simple,des2as
r33370,webmastérariat,l371486,webmaster,Nm,Nm,suf,Xariat,NA,X,simple,des2as
r33371,webmastérat,l371486,webmaster,Nm,Nm,suf,Xat,NA,X,simple,des2as
r33372,webmastériat,l371486,webmaster,Nm,Nm,suf,Xiat,NA,X,simple,des2as
r33373,webmestrat,l371495,webmestre,Nm,Nm,suf,Xat,NA,X,simple,des2as
r33374,webmestriat,l371495,webmestre,Nm,Nm,suf,Xiat,NA,X,simple,des2as
r33376,weborat,l88283,Web,Nm,Nm,suf,Xorat,NA,X,simple,des2as
r33377,webzinat,l371510,webzine,Nm,Nm,suf,Xat,NA,X,simple,des2as
r33381,wilayat,l370960,wali,Nm,Nm,suf,Xat,NA,X,simple,des2as
r33422,zemindarat,l383323,zemindar,Nm,Nm,suf,Xat,NA,X,simple,des2as
r33521,ébat,l375288,ébattre,Nm,V,conv,X,conv,X,simple,NA
r33686,échevinat,l375901,échevin,Nm,Nm,suf,Xat,NA,X,simple,des2as
r33719,éclat,l376106,éclater,Nm,V,conv,X,conv,X,simple,NA
r33736,éco-volontariat,l382918,éco-volontaire,Nm,Nm,suf,Xat,NA,X,simple,des2as
r33750,économat,l376331,économe,Nm,Nm,suf,Xat,NA,X,simple,des2as
r33820,écovolontariat,l376572,écovolontaire,Nm,Nm,suf,Xat,NA,X,simple,des2as
r33903,édilat,l376890,édile,Nm,Nm,suf,Xat,NA,X,simple,des2as
r33912,éditorat,l376904,éditeur,Nm,Nm,suf,Xat,NA,X,simple,des2as
r33913,éditoriat,l376904,éditeur,Nm,Nm,suf,Xat,NA,X,simple,des2as
r33922,éducatorat,l376940,éducateur,Nm,Nm,suf,Xat,NA,X,simple,des2as
r34024,électerat,l377442,électeur,Nm,Nm,suf,Xat,NA,X,simple,des2as
r34027,électeurat,l377442,électeur,Nm,Nm,suf,Xat,NA,X,simple,des2as
r34030,électorat,l377442,électeur,Nm,Nm,suf,Xat,NA,X,simple,des2as
r34090,élitariat,l382929,élite,Nm,Nm,suf,Xariat,NA,X,simple,des2as
r34091,élitat,l382929,élite,Nm,Nm,suf,Xat,NA,X,simple,des2as
r34093,élitorat,l382929,élite,Nm,Nm,suf,Xorat,NA,X,simple,des2as
r34118,élémosinariat,l377954,élémosinaire,Nm,Nm,suf,Xat,NA,X,simple,des2as
r34161,émirat,l378152,émir,Nm,Nm,suf,Xat,NA,X,simple,des2as
r34209,éméritat,l382932,émérite,Nm,Nm,suf,Xat,NA,X,simple,des2as
r34217,énerguménat,l378394,énergumène,Nm,Nm,suf,Xat,NA,X,simple,des2as
r34318,éphorat,l378782,éphore,Nm,Nm,suf,Xat,NA,X,simple,des2as
r34319,éphébat,l378789,éphèbe,Nm,Nm,suf,Xat,NA,X,simple,des2as
r34323,éphémérat,l378807,éphémère,Nm,Adj,suf,Xat,NA,X,simple,des2as
r34411,épiscopat,l381298,évêque,Nm,Nm,suf,Xat,NA,X,simple,des2as
r34419,épistolariat,l379306,épistolier,Nm,Nm,suf,Xat,NA,X,simple,des2as
r34420,épistolat,l237926,lettre,Nm,Nf,suf,Xat,NA,X,simple,des2as
r34464,éponymat,l379469,éponyme,Nm,Nm,suf,Xat,NA,X,simple,des2as
r34758,étudianat,l380901,étudiant,Nm,Nm,suf,Xat,NA,X,simple,des2as
r34759,étudiantat,l380901,étudiant,Nm,Nm,suf,Xat,NA,X,simple,des2as
r35066,capel(l)anat,l146141,chapelain,Nm,Nm,suf,Xat,NA,X,simple,des2as
r35150,cuisinariat,l166414,cuisine,Nm,Nf,suf,Xariat,NA,X,simple,des2as
r35344,hiérodulat,l216588,hiérodule,Nm,Nm,suf,Xat,NA,X,simple,des2as
r35593,questorat,l302967,questeur,Nm,Nm,suf,Xat,NA,X,simple,des2as
r35700,suzerainat,l344111,suzerain,Nm,Nm,suf,Xat,NA,X,simple,des2as
r36174,SDFat,l69121,SDF,Nm,Nm,suf,Xat,NA,X,simple,des2as
r36278,abat,l89439,abattre,Nm,V,conv,X,conv,X,simple,NA
r36290,abbatiat,l89493,abbé,Nm,Nm,suf,Xat,NA,X,simple,des2as
r36348,aborigénat,l89831,aborigène,Nm,Nm,suf,Xat,NA,X,simple,des2as
r36507,accommodat,l90599,accommoder,Nm,V,conv,X,NA,X,simple,des2as
r36633,achat,l90937,acheter,Nm,V,conv,X,NA,X,simple,des2as
r36638,achetorat,l90938,acheteur,Nm,Nm,suf,Xat,NA,X,simple,des2as
r36670,acolytat,l91339,acolyte,Nm,Nm,suf,Xat,NA,X,simple,des2as
r36706,acteurariat,l91619,acteur,Nm,Nm,suf,Xariat,NA,X,simple,des2as
r36707,acteurat,l91619,acteur,Nm,Nm,suf,Xat,NA,X,simple,des2as
r36715,actionnairat,l91692,actionnaire,Nm,Nm,suf,Xat,NA,X,simple,des2as
r36718,actionnairiat,l91692,actionnaire,Nm,Nm,suf,Xat,NA,X,simple,des2as
r36719,actionnariat,l91692,actionnaire,Nm,Nm,suf,Xat,NA,X,simple,des2as
r36727,actorat,l91619,acteur,Nm,Nm,suf,Xat,NA,X,simple,des2as
r36728,actoriat,l91619,acteur,Nm,Nm,suf,Xiat,NA,X,simple,des2as
r36736,actuariat,l91744,actuaire,Nm,Nm,suf,Xat,NA,X,simple,des2as
r36781,adelphat,l200017,frère,Nm,Nm,suf,Xat,NA,X,simple,des2as
r36783,adeptat,l92068,adepte,Nm,Nm,suf,Xat,NA,X,simple,des2as
r36784,adhéranat,l92090,adhérent,Nm,Nm,suf,Xat,NA,X,simple,des2as
r36797,adjudanat,l92190,adjudant,Nm,Nm,suf,Xat,NA,X,simple,des2as
r36810,adjuvat,l93992,aider,Nm,V,conv,X,NA,X,simple,des2as
r36811,adjuvat,l93971,aide,Nm,Nm,suf,Xat,NA,X,simple,des2as
r36824,administratoriat,l92223,administrateur,Nm,Nm,suf,Xat,NA,X,simple,des2as
r36895,adultariat,l92451,adulte,Nm,Nm,suf,Xariat,NA,X,simple,des2as
r36896,adultat,l92451,adulte,Nm,Nm,suf,Xat,NA,X,simple,des2as
r36897,adultorat,l92451,adulte,Nm,Nm,suf,Xorat,NA,X,simple,des2as
r36898,adultérat,l92451,adulte,Nm,Nm,suf,Xérat,NA,X,complexe,des2as
r36899,adultérat,l92464,adultère,Nm,Adj,suf,Xat,NA,X,simple,des2as
r36910,adversariat,l92510,adversaire,Nm,Nm,suf,Xat,NA,X,simple,des2as
r37071,agglomérat,l93315,agglomérer,Nm,V,conv,X,NA,X,simple,des2as
r37164,agrégat,l93811,agréger,Nm,V,conv,X,NA,X,simple,des2as
r37279,alcadat,l95088,alcade,Nm,Nm,suf,Xat,NA,X,simple,des2as
r37466,alternat,l96649,alterner,Nm,V,conv,X,NA,X,simple,des2as
r37498,alumnat,l377908,élève,Nm,Nm,suf,Xat,NA,X,simple,des2as
r37553,amateurat,l97177,amateur,Nm,Nm,suf,Xat,NA,X,simple,des2as
r37554,amateuriat,l97177,amateur,Nm,Nm,suf,Xiat,NA,X,simple,des2as
r37555,amatorat,l97177,amateur,Nm,Nm,suf,Xat,NA,X,simple,des2as
r37556,amatoriat,l97177,amateur,Nm,Nm,suf,Xat,NA,X,simple,des2as
r37558,amazonat,l97214,amazone,Nm,Nf,suf,Xat,NA,X,simple,des2as
r37560,ambassadorat,l97251,ambassadeur,Nm,Nm,suf,Xat,NA,X,simple,des2as
r37592,amiralat,l97714,amiral,Nm,Nm,suf,Xat,NA,X,simple,des2as
r37594,amitat,l347112,tante,Nm,Nf,suf,Xat,NA,X,simple,des2as
r37596,ammanat,l97749,amman,Nm,Nm,suf,Xat,NA,X,simple,des2as
r37640,amphictyonat,l98005,amphictyon,Nm,Nm,suf,Xat,NA,X,simple,des2as
r37746,ancianat,l98805,ancien,Nm,Nm,suf,Xat,NA,X,simple,des2as
r37747,anciennat,l98805,ancien,Nm,Nm,suf,Xat,NA,X,simple,des2as
r37754,androgynat,l99135,androgyne,Nm,Nm,suf,Xat,NA,X,simple,des2as
r37796,angélicat,l99305,ange,Nm,Nm,suf,Xicat,NA,X,motiv-sem,des2as
r37797,angélicat,l99759,angélique,Nm,Adj,suf,Xat,NA,X,simple,des2as
r37811,animatorat,l99882,animateur,Nm,Nm,suf,Xat,NA,X,simple,des2as
r37812,animatoriat,l99882,animateur,Nm,Nm,suf,Xiat,NA,X,simple,des2as
r39161,auvergnat,l5260,Auvergne,Adj,Npx,suf,Xat,NA,X,simple,des2as
r57429,méplat,l288776,plat,Adj,Adj,pre,méX,NA,X,simple,des2as
r62453,rouergat,l68246,Rouergue,Adj,Npx,suf,Xat,NA,X,simple,des2as
r60005,plagiat,l288235,plagiaste,Nm,Nm,suf,Xat,suf,Xaste,simple,indirect
r72687,auvergnat,l111740,auvergniste,Adj,Nf,suf,Xat,suf,Xiste,simple,indirect
r72688,auvergnat,l111740,auvergniste,Nm,Nf,suf,Xat,suf,Xiste,simple,indirect
r74100,juvénat,l231248,juvéniste,Nm,Nf,suf,Xat,suf,Xiste,simple,indirect
r74905,plagiat,l288250,plagiste,Nf,Nf,suf,Xat,suf,Xiste,simple,indirect
r76821,pugilat,l299391,pugiliste,Nm,Nm,NA,X,suf,Xiste,simple,indirect