rid,lid_1,graph_1,lid_2,graph_2,cat_1,cat_2,type_cstr_1,cstr_1,type_cstr_2,cstr_2,complexite,orientation
r1101,l106897,aseptiser,l106894,aseptie,V,Nf,suf,Xiser,NA,X,simple,des2as
r1263,l107692,asticoter,l4253,Astiquette,V,Npx,suf,Xoter,suf,Xette,simple,indirect
r1914,l114739,balkaniser,l6369,Balkan,V,Npx,suf,Xiser,NA,X,simple,des2as
r2863,l126787,botaniser,l126790,botaniste,V,Nf,suf,Xiser,NA,X,simple,des2as
r4156,l138241,cancériser,l138199,cancer,V,Nf,suf,Xiser,NA,X,simple,des2as
r4602,l142411,cathétériser,l142412,cathétérisme,V,Nm,suf,Xiser,suf,Xisme,simple,indirect
r4855,l145294,champagniser,l145280,champagne,V,Nf,suf,Xiser,NA,X,simple,des2as
r12709,l190390,exorciser,l190392,exorcisme,V,Nm,suf,Xiser,suf,Xisme,simple,indirect
r13731,l196453,fonctionnariser,l196440,fonctionnaire,V,Nf,suf,Xiser,NA,X,simple,des2as
r14431,l202077,galvaniser,l202081,galvanisme,V,Nf,suf,Xiser,NA,X,simple,des2as
r14842,l205947,glorifier,l205916,gloire,V,Nf,suf,Xifier,NA,X,simple,des2as
r15529,l210848,guerroyer,l210836,guerre,V,Nf,suf,Xoyer,NA,X,simple,des2as
r15905,l215389,herboriser,l215391,herboriste,V,Nf,suf,Xiser,NA,X,simple,des2as
r16541,l221714,identifier,l221721,identité,V,Nf,suf,Xifier,NA,X,simple,des2as
r19283,l250663,mathématiser,l250658,mathématique,V,Nf,suf,Xiser,NA,X,simple,des2as
r19418,l252444,merceriser,l51546,Mercer,V,Npx,suf,Xiser,NA,X,simple,des2as
r19758,l255994,modéliser,l255983,modèle,V,Nf,suf,Xiser,NA,X,simple,des2as
r20412,l264551,mémoriser,l264525,mémoire,V,Nf,suf,Xiser,NA,X,simple,des2as
r20780,l268975,nobéliser,l383107,Nobel,V,Npm,suf,Xiser,NA,X,simple,des2as
r21581,l276453,ostraciser,l276454,ostracisme,V,Nm,suf,Xiser,suf,Xisme,simple,indirect
r21884,l279254,panifier,l278192,pain,V,Nm,suf,Xifier,NA,X,simple,des2as
r22512,l283280,peptoniser,l283275,peptone,V,Nf,suf,Xiser,NA,X,simple,des2as
r23303,l288509,planifier,l288377,plan,V,Nm,suf,Xifier,NA,X,simple,des2as
r24384,l296295,prophétiser,l296292,prophétie,V,Nf,suf,Xiser,NA,X,simple,des2as
r27127,l315685,robotiser,l315670,robot,V,Nf,suf,Xiser,NA,X,simple,des2as
r28237,l322810,saccharifier,l341952,sucre,V,Nm,suf,Xifier,NA,X,simple,des2as
r28655,l331376,scolariser,l376281,école,V,Nf,suf,Xariser,NA,X,motiv-sem,des2as
r30290,l344299,syllogiser,l344300,syllogisme,V,Nm,suf,Xiser,suf,Xisme,simple,indirect
r30329,l344570,syncrétiser,l344567,syncrèse,V,Nf,suf,Xiser,NA,X,simple,des2as
r30330,l344570,syncrétiser,l344571,syncrétisme,V,Nm,suf,Xiser,suf,Xisme,simple,indirect
r30358,l344730,synthétiser,l344723,synthèse,V,Nf,suf,Xiser,NA,X,simple,des2as
r30686,l347245,tapiriser,l347237,tapir,V,Nf,suf,Xiser,NA,X,simple,des2as
r32533,l361539,vacuoliser,l361536,vacuole,V,Nf,suf,Xiser,NA,X,simple,des2as
r32588,l362642,vampiriser,l362633,vampire,V,Nf,suf,Xiser,NA,X,simple,des2as
r32622,l362911,vaporiser,l362894,vapeur,V,Nf,suf,Xiser,NA,X,simple,des2as
r33094,l368740,vitrifier,l365029,verre,V,Nm,suf,Xifier,NA,X,simple,des2as
r34036,l377478,électriser,l377469,électricité,V,Nf,suf,Xiser,NA,X,simple,des2as
r34205,l378285,émulsifier,l378287,émulsion,V,Nf,suf,Xifier,NA,X,simple,des2as
r34859,l381554,chamaniser,l144934,chamane,V,Nf,suf,Xiser,NA,X,simple,des2as
r34860,l381571,morphiniser,l260360,morphine,V,Nf,suf,Xiser,NA,X,simple,des2as
r34861,l381572,péripatétiser,l301458,péripatétique,V,Nf,suf,Xiser,NA,X,simple,des2as
r36696,l91517,acrobatiser,l91512,acrobate,V,Nf,suf,Xiser,NA,X,simple,des2as
r36823,l92227,administrationaliser,l92226,administration,V,Nf,suf,Xiser,NA,X,simple,des2as
r37708,l98479,anagrammatiser,l98482,anagramme,V,Nf,suf,Xatiser,NA,X,simple,des2as
r42282,l136549,calcifier,l136584,calcium,V,Nm,suf,Xifier,NA,X,simple,des2as
r44349,l151271,cicatriser,l151263,cicatrice,V,Nf,suf,Xiser,NA,X,simple,des2as
r67306,l362478,valoriser,l362111,valeur,V,Nf,suf,Xiser,NA,X,simple,des2as
r67416,l363210,vasculariser,l361748,vaisseau,V,Nm,suf,Xariser,NA,X,motiv-sem,des2as
r68446,l370097,vulcaniser,l370102,vulcanite,V,Nf,suf,Xiser,suf,Xite,motiv-sem,indirect
r72242,l202756,gargariser,l202757,gargarisme,V,Nm,suf,Xiser,suf,Xisme,simple,indirect
r72306,l298918,psittaciser,l298919,psittacisme,V,Nm,suf,Xiser,suf,Xisme,simple,indirect
r72711,l115570,baptiser,l115577,baptiste,V,Nf,suf,Xiser,suf,Xiste,simple,indirect
r72944,l142512,catéchiser,l142515,catéchiste,V,Nm,suf,Xiser,suf,Xiste,simple,indirect
r73003,l149651,chloroformiser,l149652,chloroformiste,V,Nf,suf,Xiser,suf,Xiste,simple,indirect
r73519,l381007,évangéliser,l381010,évangéliste,V,Nm,suf,Xiser,suf,Xiste,simple,indirect
r73536,l190390,exorciser,l190394,exorciste,V,Nf,suf,Xiser,suf,Xiste,simple,indirect
r74438,l257599,monopoliser,l257602,monopoliste,V,Nm,suf,Xiser,suf,Xiste,simple,indirect
r74506,l266970,naturaliser,l266973,naturaliste,V,Nf,suf,Xiser,suf,Xiste,simple,indirect
r75359,l337041,sonoriser,l337042,sonoriste,V,Nf,suf,Xiser,suf,Xiste,simple,indirect
r75384,l339727,spécialiser,l339731,spécialiste,V,Nm,suf,Xiser,suf,Xiste,simple,indirect
r75545,l349204,terroriser,l349209,terroriste,V,Nm,suf,Xiser,suf,Xiste,simple,indirect
r75727,l369084,vocaliser,l369086,vocaliste,V,Nf,suf,Xiser,suf,Xiste,simple,indirect
r76731,l301857,pétrarquiser,l301860,pétrarquiste,V,Nf,suf,Xiser,suf,Xiste,simple,indirect
r77147,l100708,anthropomorphiser,l100709,anthropomorphisme,V,Nm,suf,Xiser,suf,Xisme,simple,indirect
r77405,l115570,baptiser,l98395,anabaptisme,V,Nm,suf,Xiser,pre-suf,anaXisme,motiv-sem,indirect
r77666,l142512,catéchiser,l142513,catéchisme,V,Nm,suf,Xiser,suf,Xisme,simple,indirect
r78041,l190390,exorciser,l190392,exorcisme,V,Nm,suf,Xiser,suf,Xisme,simple,indirect
r78164,l202756,gargariser,l202757,gargarisme,V,Nm,suf,Xiser,suf,Xisme,simple,indirect
r78826,l255589,mithridatiser,l255590,mithridatisme,V,Nm,suf,Xiser,suf,Xisme,simple,indirect
r78937,l265356,métamorphiser,l265357,métamorphisme,V,Nm,suf,Xiser,suf,Xisme,simple,indirect
r78942,l265716,météoriser,l265717,météorisme,V,Nm,suf,Xiser,suf,Xisme,simple,indirect
r79091,l276453,ostraciser,l276454,ostracisme,V,Nm,suf,Xiser,suf,Xisme,simple,indirect
r79260,l287101,pindariser,l287104,pindarisme,V,Nm,suf,Xiser,suf,Xisme,simple,indirect
r79857,l350814,thématiser,l350815,thématisme,V,Nm,suf,Xiser,suf,Xisme,simple,indirect
r79903,l354897,traumatiser,l354898,traumatisme,V,Nm,suf,Xiser,suf,Xisme,simple,indirect
r80302,l98704,anathématiser,l98705,anathématisme,V,Nm,suf,Xiser,suf,Xisme,simple,indirect
r81060,l335009,sinapiser,l335011,sinapisme,V,Nm,suf,Xiser,suf,Xisme,simple,indirect
r16,l100143,annihiler,l314764,rien,V,Nm,pre,aX,NA,X,simple,des2as
r588,l102649,apaiser,l278249,paix,V,Nf,pre,aX,NA,X,simple,des2as
r610,l102875,apitoyer,l287896,pitié,V,Nf,pre,aX,NA,X,simple,des2as
r1187,l107384,assigner,l334574,signe,V,Nm,pre,aX,NA,X,simple,des2as
r9228,l177572,décapoter,l139264,capot,V,Nm,pre,déX,NA,X,simple,des2as
r9391,l178023,décliner,l223614,inclinaison,V,Nf,pre,déX,NA,X,simple,des2as
r9427,l178113,décoloniser,l155351,colonie,V,Nf,pre,déX,NA,X,simple,des2as
r9834,l179241,dégrader,l208030,grade,V,Nm,pre,déX,NA,X,simple,des2as
r9894,l179412,déhousser,l217985,housse,V,Nf,pre,déX,NA,X,simple,des2as
r10009,l179829,démasquer,l250195,masque,V,Nf,pre,déX,NA,X,simple,des2as
r10263,l180573,dépister,l287757,piste,V,Nf,pre,déX,NA,X,simple,des2as
r10275,l180592,déplacer,l288145,place,V,Nf,pre,déX,NA,X,simple,des2as
r10285,l180625,déplier,l289216,pli,V,Nm,pre,déX,NA,X,simple,des2as
r10423,l180944,déraisonner,l304838,raison,V,Nf,pre,déX,NA,X,simple,des2as
r10455,l181023,dériver,l315381,rive,V,Nf,pre,déX,NA,X,simple,des2as
r10674,l181912,déshonorer,l217377,honneur,V,Nm,pre,déX,NA,X,simple,des2as
r10937,l182845,dévitrifier,l365029,verre,V,Nm,pre,déX,NA,X,simple,des2as
r10992,l183249,effacer,l191246,fac,V,Nf,pre,éX,NA,X,simple,des2as
r11003,l183266,effaroucher,l192218,farouche,V,Nm,pre,éX,NA,X,simple,des2as
r11092,l183618,embabouiner,l113403,babouin,V,Nm,pre,enX,NA,X,simple,des2as
r11098,l183634,embaluchonner,l115007,baluchon,V,Nm,pre,enX,NA,X,simple,des2as
r11104,l183650,embarder,l116030,bard,V,Nm,pre,enX,NA,X,simple,des2as
r11108,l183655,embariller,l116184,baril,V,Nm,pre,enX,NA,X,simple,des2as
r11117,l183681,embastiller,l117327,bastille,V,Nf,pre,enX,NA,X,simple,des2as
r11119,l183683,embastionner,l117340,bastion,V,Nm,pre,enX,NA,X,simple,des2as
r11131,l183696,embaucher,l117641,bau,V,Nf,pre,enX,NA,X,simple,des2as
r11139,l183704,embaumer,l117777,baume,V,Nf,pre,enX,NA,X,simple,des2as
r11143,l183709,embecquer,l118767,bec,V,Nm,pre,enX,NA,X,simple,des2as
r11156,l183732,embesogner,l120718,besogne,V,Nf,pre,enX,NA,X,simple,des2as
r11158,l183741,embieller,l121778,bielle,V,Nf,pre,enX,NA,X,simple,des2as
r11161,l183752,emblaver,l382840,blave,V,Nx,pre,enX,NA,X,simple,des2as
r11172,l183800,embosser,l126674,bosse,V,Nf,pre,enX,NA,X,simple,des2as
r11173,l183805,embotteler,l126853,botte,V,Nf,pre,enX,NA,X,simple,des2as
r11176,l183808,emboucaner,l126948,boucane,V,Nf,pre,enX,NA,X,simple,des2as
r11180,l183813,emboucher,l126990,bouche,V,Nf,pre,enX,NA,X,simple,des2as
r11183,l183822,embouer,l127195,boue,V,Nf,pre,enX,NA,X,simple,des2as
r11185,l183826,embouquer,l127837,bouque,V,Nf,pre,enX,NA,X,simple,des2as
r11188,l183830,embourber,l127910,bourbe,V,Nf,pre,enX,NA,X,simple,des2as
r11190,l183842,embourrer,l128401,bourre,V,Nf,pre,enX,NA,X,simple,des2as
r11191,l183845,embourser,l128499,bourse,V,Nf,pre,enX,NA,X,simple,des2as
r11196,l183851,embouteiller,l128745,bouteille,V,Nf,pre,enX,NA,X,simple,des2as
r11198,l183859,emboutir,l128696,bout,V,Nm,pre,enX,NA,X,simple,des2as
r11209,l183875,embrancher,l129566,branche,V,Nf,pre,enX,NA,X,simple,des2as
r11211,l183879,embraser,l129505,braise,V,Nf,pre,enX,NA,X,simple,des2as
r11217,l183885,embrasser,l129804,bras,V,Nm,pre,enX,NA,X,simple,des2as
r11224,l183895,embrayer,l129984,braye,V,Nf,pre,enX,NA,X,simple,des2as
r11226,l183902,embrener,l130158,bren,V,Nm,pre,enX,NA,X,simple,des2as
r11229,l183912,embrigader,l130718,brigade,V,Nf,pre,enX,NA,X,simple,des2as
r11230,l183914,embringuer,l130915,bringue,V,Nf,pre,enX,NA,X,accidentel,des2as
r11233,l183919,embrocher,l131254,broche,V,Nf,pre,enX,NA,X,simple,des2as
r11239,l183931,embrouillarder,l131646,brouillard,V,Nm,pre,enX,NA,X,simple,des2as
r11251,l183940,embroussailler,l131688,broussaille,V,Nf,pre,enX,NA,X,simple,des2as
r11253,l183946,embrumer,l131979,brume,V,Nf,pre,enX,NA,X,simple,des2as
r11263,l184012,embuer,l133970,buée,V,Nf,pre,enX,NA,X,simple,des2as
r11269,l184026,embâter,l134085,bât,V,Nm,pre,enX,NA,X,simple,des2as
r11270,l184027,embâtonner,l134130,bâton,V,Nm,pre,enX,NA,X,simple,des2as
r11274,l184031,embéguiner,l134444,béguin,V,Nm,pre,enX,NA,X,simple,des2as
r11278,l184038,embêter,l135113,bête,V,Nf,pre,enX,NA,X,simple,des2as
r11286,l184053,emmagasiner,l245059,magasin,V,Nm,pre,enX,NA,X,simple,des2as
r11303,l184065,emmaillotter,l245650,maillot,V,Nm,pre,enX,NA,X,simple,des2as
r11311,l184082,emmannequiner,l247518,mannequin,V,Nm,pre,enX,NA,X,simple,des2as
r11312,l184084,emmanteler,l383065,mantel,V,Nx,pre,enX,NA,X,simple,des2as
r11313,l184093,emmarquiser,l249409,marquis,V,Nm,pre,enX,NA,X,simple,des2as
r11319,l184121,emmerder,l252532,merde,V,Nf,pre,enX,NA,X,simple,des2as
r11324,l184138,emmiasmer,l253571,miasme,V,Nm,pre,enX,NA,X,simple,des2as
r11325,l184140,emmieller,l254102,miel,V,Nm,pre,enX,NA,X,simple,des2as
r11326,l184145,emmitonner,l255614,miton,V,Nf,pre,enX,NA,X,simple,des2as
r11328,l184147,emmitoufler,l255624,mitoufle,V,Nf,pre,enX,NA,X,simple,des2as
r11329,l184154,emmortaiser,l260490,mortaise,V,Nf,pre,enX,NA,X,simple,des2as
r11331,l184156,emmotter,l260903,motte,V,Nf,pre,enX,NA,X,simple,des2as
r11333,l184163,emmouscailler,l261396,mouscaille,V,Nf,pre,enX,NA,X,simple,des2as
r11337,l184170,emmurer,l262456,mur,V,Nm,pre,enX,NA,X,simple,des2as
r11338,l184173,emmuseler,l383094,musel,V,Nx,pre,enX,NA,X,simple,des2as
r11342,l184182,emménager,l264565,ménage,V,Nm,pre,enX,NA,X,simple,des2as
r11345,l184189,emmétrer,l263552,mètre,V,Nm,pre,enX,NA,X,accidentel,des2as
r11364,l184214,empaler,l278272,pal,V,Nm,pre,enX,NA,X,simple,des2as
r11369,l184218,empalmer,l278596,palme,V,Nf,pre,enX,NA,X,simple,des2as
r11371,l184223,empanacher,l279012,panache,V,Nm,pre,enX,NA,X,simple,des2as
r11373,l184227,empanner,l279301,panne,V,Nf,pre,enX,NA,X,simple,des2as
r11382,l184243,emparadiser,l279974,paradis,V,Nm,pre,enX,NA,X,simple,des2as
r11387,l184268,empatter,l282055,patte,V,Nf,pre,enX,NA,X,simple,des2as
r11389,l184273,empaumer,l282181,paume,V,Nf,pre,enX,NA,X,simple,des2as
r11392,l184281,empeigner,l282577,peigne,V,Nm,pre,enX,NA,X,simple,des2as
r11393,l184284,empeloter,l282809,pelote,V,Nf,pre,enX,NA,X,simple,des2as
r11399,l184293,empenner,l283006,penne,V,Nf,pre,enX,NA,X,simple,des2as
r11400,l184300,emperler,l283568,perle,V,Nf,pre,enX,NA,X,simple,des2as
r11408,l184314,empester,l284226,peste,V,Nf,pre,enX,NA,X,simple,des2as
r11415,l184344,empierrer,l286570,pierre,V,Nf,pre,enX,NA,X,simple,des2as
r11417,l184349,empiffrer,l286745,piffre,V,Nm,pre,enX,NA,X,simple,des2as
r11438,l184386,empiéger,l288016,piège,V,Nm,pre,enX,NA,X,simple,des2as
r11442,l184395,emplafonner,l288208,plafond,V,Nm,pre,enX,NA,X,simple,des2as
r11465,l184445,empoigner,l290584,poing,V,Nm,pre,enX,NA,X,simple,des2as
r11470,l184449,empoiler,l290548,poil,V,Nm,pre,enX,NA,X,simple,des2as
r11472,l184451,empointer,l290598,pointe,V,Nf,pre,enX,NA,X,simple,des2as
r11477,l184460,empoisonner,l290750,poison,V,Nm,pre,enX,NA,X,simple,des2as
r11497,l184497,empoussiérer,l294429,poussière,V,Nf,pre,enX,NA,X,simple,des2as
r11502,l184513,emprisonner,l295481,prison,V,Nf,pre,enX,NA,X,simple,des2as
r11508,l184525,emprésurer,l298452,présure,V,Nf,pre,enX,NA,X,simple,des2as
r11517,l184557,empâter,l300544,pâte,V,Nf,pre,enX,NA,X,simple,des2as
r11525,l184573,empêner,l302077,pêne,V,Nm,pre,enX,NA,X,simple,des2as
r11529,l184603,enamourer,l97948,amour,V,Nf,pre,enX,NA,X,simple,des2as
r11531,l184615,encabaner,l135234,cabane,V,Nf,pre,enX,NA,X,simple,des2as
r11533,l184626,encadrer,l135909,cadre,V,Nm,pre,enX,NA,X,simple,des2as
r11536,l184632,encager,l136071,cage,V,Nf,pre,enX,NA,X,simple,des2as
r11549,l184676,encapsuler,l139381,capsule,V,Nf,pre,enX,NA,X,simple,des2as
r11553,l184680,encapuchonner,l139432,capuchon,V,Nm,pre,enX,NA,X,simple,des2as
r11555,l184685,encaquer,l139488,caque,V,Nf,pre,enX,NA,X,simple,des2as
r11561,l184700,encarter,l140800,carte,V,Nf,pre,enX,NA,X,simple,des2as
r11564,l184714,encaserner,l141088,caserne,V,Nf,pre,enX,NA,X,simple,des2as
r11565,l184717,encasteler,l150699,château,V,Nm,pre,enX,NA,X,accidentel,des2as
r11575,l184749,encaver,l142962,cave,V,Nf,pre,enX,NA,X,simple,des2as
r11580,l184759,encelluler,l143408,cellule,V,Nf,pre,enX,NA,X,simple,des2as
r11592,l184772,encercler,l143841,cercle,V,Nm,pre,enX,NA,X,simple,des2as
r11595,l184784,enchanteler,l145894,chanteau,V,Nm,pre,enX,NA,X,simple,des2as
r11602,l184797,enchaperonner,l146234,chaperon,V,Nm,pre,enX,NA,X,simple,des2as
r11604,l184814,enchatonner,l147272,chaton,V,Nm,pre,enX,NA,X,simple,des2as
r11606,l184822,enchausser,l147656,chausse,V,Nf,pre,enX,NA,X,simple,des2as
r11608,l184826,enchaîner,l147949,chaîne,V,Nf,pre,enX,NA,X,simple,des2as
r11610,l184832,enchemiser,l148137,chemise,V,Nf,pre,enX,NA,X,simple,des2as
r11612,l184844,encheviller,l148587,cheville,V,Nf,pre,enX,NA,X,simple,des2as
r11615,l184848,enchevêtrer,l148708,chevêtre,V,Nm,pre,enX,NA,X,simple,des2as
r11619,l184867,enchâsser,l150678,châsse,V,Nf,pre,enX,NA,X,simple,des2as
r11633,l184896,enclencher,l152863,clenche,V,Nf,pre,enX,NA,X,simple,des2as
r11639,l184917,enclouer,l153380,clou,V,Nm,pre,enX,NA,X,simple,des2as
r11640,l184921,encloîtrer,l153437,cloître,V,Nm,pre,enX,NA,X,simple,des2as
r11644,l184935,encocher,l154113,coche,V,Nf,pre,enX,NA,X,simple,des2as
r11647,l184940,encoder,l154301,code,V,Nm,pre,enX,NA,X,simple,des2as
r11651,l184944,encoffrer,l154457,coffre,V,Nm,pre,enX,NA,X,simple,des2as
r11652,l184948,encoigner,l154677,coin,V,Nm,pre,enX,NA,X,simple,des2as
r11658,l184952,encoller,l154956,colle,V,Nf,pre,enX,NA,X,simple,des2as
r11663,l184961,encolérer,l155538,colère,V,Nf,pre,enX,NA,X,simple,des2as
r11672,l184995,encorder,l160080,corde,V,Nf,pre,enX,NA,X,simple,des2as
r11674,l185002,encorner,l160384,corne,V,Nf,pre,enX,NA,X,simple,des2as
r11677,l185020,encourager,l162218,courage,V,Nm,pre,enX,NA,X,simple,des2as
r11680,l185027,encourtiner,l162807,courtine,V,Nf,pre,enX,NA,X,simple,des2as
r11686,l185034,encrasser,l163860,crasse,V,Nf,pre,enX,NA,X,simple,des2as
r11695,l185062,encrotter,l165033,crotte,V,Nf,pre,enX,NA,X,simple,des2as
r11698,l185071,encroûter,l165200,croûte,V,Nf,pre,enX,NA,X,simple,des2as
r11699,l185076,encrêper,l166014,crêpe,V,Nf,pre,enX,NA,X,simple,des2as
r11700,l185079,encuirasser,l166375,cuirasse,V,Nf,pre,enX,NA,X,simple,des2as
r11705,l185092,enculer,l166485,cul,V,Nm,pre,enX,NA,X,simple,des2as
r11710,l185102,encuver,l167232,cuve,V,Nf,pre,enX,NA,X,simple,des2as
r11720,l185148,endauber,l169752,daube,V,Nf,pre,enX,NA,X,simple,des2as
r11723,l185158,endenter,l170445,dent,V,Nf,pre,enX,NA,X,simple,des2as
r11725,l185166,endetter,l170982,dette,V,Nf,pre,enX,NA,X,simple,des2as
r11727,l185170,endeuiller,l171001,deuil,V,Nm,pre,enX,NA,X,simple,des2as
r11732,l185185,endiguer,l172195,digue,V,Nf,pre,enX,NA,X,simple,des2as
r11739,l185197,endivisionner,l173521,division,V,Nf,pre,enX,NA,X,simple,des2as
r11748,l185233,endoctriner,l173909,doctrine,V,Nf,pre,enX,NA,X,simple,des2as
r11758,l185260,endommager,l174414,dommage,V,Nm,pre,enX,NA,X,simple,des2as
r11778,l185340,endosser,l174916,dos,V,Nm,pre,enX,NA,X,simple,des2as
r11800,l185442,enfariner,l192174,farine,V,Nf,pre,enX,NA,X,simple,des2as
r11804,l185461,enferrer,l193189,fer,V,Nf,pre,enX,NA,X,simple,des2as
r11807,l185466,enfeuiller,l193753,feuille,V,Nf,pre,enX,NA,X,simple,des2as
r11810,l185470,enficher,l193967,fiche,V,Nf,pre,enX,NA,X,simple,des2as
r11811,l185471,enfieller,l194075,fiel,V,Nm,pre,enX,NA,X,simple,des2as
r11819,l185482,enfiler,l194201,fil,V,Nm,pre,enX,NA,X,simple,des2as
r11825,l185492,enfiévrer,l194793,fièvre,V,Nf,pre,enX,NA,X,simple,des2as
r11828,l185496,enflammer,l195013,flamme,V,Nf,pre,enX,NA,X,simple,des2as
r11831,l185504,enfleurer,l195307,fleur,V,Nf,pre,enX,NA,X,simple,des2as
r11832,l185511,enfoirer,l196186,foire,V,Nf,pre,enX,NA,X,simple,des2as
r11852,l185546,enfourcher,l197785,fourche,V,Nf,pre,enX,NA,X,simple,des2as
r11858,l185550,enfourner,l197735,four,V,Nm,pre,enX,NA,X,simple,des2as
r11862,l185567,enfumer,l200479,fumée,V,Nf,pre,enX,NA,X,simple,des2as
r11864,l185582,enfûter,l201279,fût,V,Nm,pre,enX,NA,X,simple,des2as
r11871,l185626,engazonner,l203602,gazon,V,Nm,pre,enX,NA,X,simple,des2as
r11880,l185658,engerber,l204202,gerbe,V,Nf,pre,enX,NA,X,simple,des2as
r11883,l185694,englober,l205881,globe,V,Nm,pre,enX,NA,X,simple,des2as
r11892,l185705,engluer,l206069,glu,V,Nf,pre,enX,NA,X,simple,des2as
r11894,l185718,engommer,l206733,gomme,V,Nf,pre,enX,NA,X,simple,des2as
r11896,l185720,engoncer,l206833,gond,V,Nm,pre,enX,NA,X,simple,des2as
r11901,l185733,engouffrer,l207374,gouffre,V,Nm,pre,enX,NA,X,simple,des2as
r11903,l185737,engouler,l210901,gueule,V,Nf,pre,enX,NA,X,simple,des2as
r11918,l185764,engranger,l208623,grange,V,Nf,pre,enX,NA,X,simple,des2as
r11924,l185774,engrener,l208115,grain,V,Nm,pre,enX,NA,X,simple,des2as
r11926,l185780,engrisailler,l209791,grisaille,V,Nf,pre,enX,NA,X,simple,des2as
r11928,l185789,engrumeler,l210268,grumeau,V,Nm,pre,enX,NA,X,simple,des2as
r11940,l185820,enguirlander,l211339,guirlande,V,Nf,pre,enX,NA,X,simple,des2as
r11948,l185841,enherber,l215309,herbe,V,Nf,pre,enX,NA,X,simple,des2as
r11953,l185865,enjamber,l228869,jambe,V,Nf,pre,enX,NA,X,simple,des2as
r11954,l185872,enjaveler,l229403,javelle,V,Nf,pre,enX,NA,X,simple,des2as
r11961,l185887,enjouguer,l230295,joug,V,Nm,pre,enX,NA,X,simple,des2as
r11964,l185897,enjuponner,l230977,jupon,V,Nm,pre,enX,NA,X,simple,des2as
r11971,l185908,enkyster,l233305,kyste,V,Nm,pre,enX,NA,X,simple,des2as
r11983,l185938,enligner,l238856,ligne,V,Nf,pre,enX,NA,X,simple,des2as
r11985,l185940,enlinceuler,l239373,linceul,V,Nm,pre,enX,NA,X,simple,des2as
r11988,l185944,enliser,l239748,lise,V,Nf,pre,enX,NA,X,simple,des2as
r11998,l185967,enneiger,l267402,neige,V,Nf,pre,enX,NA,X,simple,des2as
r12006,l185998,ennuager,l270601,nuage,V,Nm,pre,enX,NA,X,simple,des2as
r12008,l186039,enorgueillir,l275416,orgueil,V,Nm,pre,enX,NA,X,simple,des2as
r12025,l186065,enraciner,l304018,racine,V,Nf,pre,enX,NA,X,simple,des2as
r12033,l186086,enrayer,l304721,rai,V,Nf,pre,enX,NA,X,simple,des2as
r12036,l186097,enrhumer,l314277,rhume,V,Nm,pre,enX,NA,X,simple,des2as
r12042,l186111,enrober,l315554,robe,V,Nf,pre,enX,NA,X,simple,des2as
r12044,l186116,enrocher,l315778,roche,V,Nf,pre,enX,NA,X,simple,des2as
r12047,l186124,enrouiller,l317632,rouille,V,Nf,pre,enX,NA,X,simple,des2as
r12058,l186137,enrubanner,l318304,ruban,V,Nm,pre,enX,NA,X,simple,des2as
r12062,l186143,enrégimenter,l320778,régiment,V,Nm,pre,enX,NA,X,simple,des2as
r12064,l186145,enrésiner,l321702,résine,V,Nf,pre,enX,NA,X,simple,des2as
r12066,l186147,enrêner,l322465,rêne,V,Nf,pre,enX,NA,X,simple,des2as
r12069,l186152,enrôler,l322498,rôle,V,Nm,pre,enX,NA,X,accidentel,des2as
r12073,l186158,ensabler,l322647,sable,V,Nm,pre,enX,NA,X,simple,des2as
r12081,l186167,ensacher,l322756,sac,V,Nm,pre,enX,NA,X,simple,des2as
r12086,l186173,ensaisiner,l327025,saisine,V,Nf,pre,enX,NA,X,simple,des2as
r12108,l186234,ensiler,l334789,silo,V,Nm,pre,enX,NA,X,simple,des2as
r12113,l186257,ensoleiller,l336407,soleil,V,Nm,pre,enX,NA,X,simple,des2as
r12115,l186260,ensommeiller,l336789,sommeil,V,Nm,pre,enX,NA,X,simple,des2as
r12125,l186281,ensoutaner,l338658,soutane,V,Nf,pre,enX,NA,X,simple,des2as
r12129,l186311,entabler,l346094,table,V,Nf,pre,enX,NA,X,accidentel,des2as
r12131,l186315,entacher,l346178,tache,V,Nf,pre,enX,NA,X,simple,des2as
r12140,l186342,entarter,l347628,tarte,V,Nf,pre,enX,NA,X,simple,des2as
r12143,l186347,entartrer,l347692,tartre,V,Nm,pre,enX,NA,X,simple,des2as
r12147,l186349,entasser,l347727,tas,V,Nm,pre,enX,NA,X,simple,des2as
r12169,l186403,enticher,l346178,tache,V,Nf,pre,enX,NA,X,accidentel,des2as
r12178,l186468,entonner,l352456,tonne,V,Nf,pre,enX,NA,X,simple,des2as
r12217,l186850,entreiller,l355132,treille,V,Nf,pre,enX,NA,X,accidentel,des2as
r12267,l187010,entuber,l357928,tube,V,Nm,pre,enX,NA,X,simple,des2as
r12269,l187012,enturbanner,l358238,turban,V,Nm,pre,enX,NA,X,simple,des2as
r12272,l187025,enténébrer,l359392,ténèbre,V,Nf,pre,enX,NA,X,simple,des2as
r12279,l187095,entêter,l359746,tête,V,Nf,pre,enX,NA,X,simple,des2as
r12283,l187102,entôler,l359788,tôle,V,Nf,pre,enX,NA,X,accidentel,des2as
r12295,l187129,envaser,l363225,vase,V,Nf,pre,enX,NA,X,simple,des2as
r12305,l187155,enverger,l364570,verge,V,Nf,pre,enX,NA,X,simple,des2as
r12306,l187158,enverguer,l364656,vergue,V,Nf,pre,enX,NA,X,simple,des2as
r12313,l187201,envisager,l368468,visage,V,Nm,pre,enX,NA,X,accidentel,des2as
r12316,l187206,envoiler,l369177,voile,V,Nf,pre,enX,NA,X,simple,des2as
r26688,l311842,reprocher,l295696,proche,V,Nf,pre,reX,NA,X,simple,des2as
r34106,l377868,éluder,l229716,jeu,V,Nm,pre,éX,NA,X,simple,des2as
r34152,l378092,émerveiller,l252741,merveille,V,Nf,pre,éX,NA,X,simple,des2as
r34252,l378476,énumérer,l269288,nombre,V,Nm,pre,éX,NA,X,simple,des2as
r34806,l381028,évaporer,l362894,vapeur,V,Nf,pre,éX,NA,X,simple,des2as
r35293,l382047,enganguer,l202413,gangue,V,Nf,pre,enX,NA,X,simple,des2as
r35544,l382330,empiécer,l288014,pièce,V,Nf,pre,enX,NA,X,simple,des2as
r36491,l90563,acclimater,l153018,climat,V,Nm,pre,aX,NA,X,simple,des2as
r36534,l90644,accorder,l160080,corde,V,Nf,pre,aX,NA,X,simple,des2as
r37031,l92954,affronter,l199755,front,V,Nm,pre,aX,NA,X,simple,des2as
r38193,l102880,apiécer,l288014,pièce,V,Nf,pre,aX,NA,X,simple,des2as
r38221,l103485,approvisionner,l297013,provision,V,Nf,pre,aX,NA,X,simple,des2as
r47268,l178023,décliner,l223614,inclinaison,V,Nf,pre,déX,suf,Xaison,simple,indirect
r47336,l179819,démarrer,l97152,amarre,V,Nf,pre,déX,pre,aX,simple,indirect
r47487,l183954,embrunir,l131994,brun,V,Nm,pre,enX,NA,X,simple,des2as
r47490,l184044,embûcher,l135146,bûche,V,Nf,pre,enX,NA,X,simple,des2as
r47500,l184477,emporter,l292824,port,V,Nm,pre,enX,NA,X,simple,des2as
r47511,l184945,encogner,l154519,cogne,V,Nm,pre,enX,NA,X,simple,des2as
r47526,l185454,enfermer,l193262,ferme,V,Nf,pre,enX,NA,X,simple,des2as
r47527,l185482,enfiler,l194266,file,V,Nf,pre,enX,NA,X,simple,des2as
r47540,l186429,entoiler,l352132,toile,V,Nf,pre,enX,NA,X,simple,des2as
r47554,l187223,envoyer,l369174,voie,V,Nf,pre,enX,NA,X,simple,des2as
r61556,l306517,rebiquer,l122980,bique,V,Nf,pre,reX,NA,X,simple,des2as
r61574,l306708,rebraguetter,l129431,braguette,V,Nf,pre,reX,NA,X,simple,des2as
r61597,l307047,receper,l143801,cep,V,Nm,pre,reX,NA,X,simple,des2as
r61601,l307078,rechampir,l145254,champ,V,Nm,pre,reX,NA,X,simple,des2as
r61604,l307093,rechaper,l146122,chape,V,Nf,pre,reX,NA,X,simple,des2as
r61655,l307594,reconventer,l159261,convent,V,Nm,pre,reX,NA,X,simple,des2as
r61663,l307625,recoquiller,l159792,coquille,V,Nf,pre,reX,NA,X,simple,des2as
r61708,l307985,recéper,l143801,cep,V,Nm,pre,reX,NA,X,simple,des2as
r61790,l309396,regrader,l208030,grade,V,Nm,pre,reX,NA,X,simple,des2as
r61861,l310339,remercier,l252451,merci,V,Nf,pre,reX,NA,X,simple,des2as
r62044,l312764,ressemeler,l332223,semelle,V,Nf,pre,reX,NA,X,simple,des2as
r62051,l312814,ressourcer,l337993,source,V,Nf,pre,reX,NA,X,simple,des2as
r62101,l313546,retuber,l357928,tube,V,Nm,pre,reX,NA,X,simple,des2as
r68939,l375696,échampir,l145254,champ,V,Nm,pre,éX,NA,X,simple,des2as
r68940,l375743,échapper,l146297,chappe,V,Nf,pre,éX,NA,X,simple,des2as
r69093,l377868,éluder,l229716,jeu,V,Nm,pre,éX,NA,X,motiv-sem,des2as
r69458,l89862,abougrir,l127393,bougre,V,Nm,pre,aX,NA,X,simple,des2as
r69459,l89881,abouter,l128696,bout,V,Nm,pre,aX,NA,X,simple,des2as
r69527,l90472,accastiller,l141935,castille,V,Nf,pre,aX,NA,X,simple,des2as
r69541,l90612,accompagner,l156133,compagnie,V,Nf,pre,aX,NA,X,simple,des2as
r69547,l90719,accoutumer,l163102,coutume,V,Nf,pre,aX,NA,X,simple,des2as
r70294,l97592,ameuter,l253285,meute,V,Nf,pre,aX,NA,X,simple,des2as
